school_id,school_name,grade_category,network,governance,school_type,community_area,indicator_sum,average_score
400009,GLOBAL CITIZENSHIP,ES,Charter,Charter,Traditional,GARFIELD RIDGE,33,3
400011,LOCKE A,ES,Charter,Charter,Traditional,EAST GARFIELD PARK,38,3.45
400021,CATALYST - CIRCLE ROCK,ES,Charter,Charter,Traditional,AUSTIN,35,3.18
400023,CICS - AVALON/SOUTH SHORE,ES,Charter,Charter,Traditional,AVALON PARK,33,3
400024,CICS - BASIL,ES,Charter,Charter,Traditional,NEW CITY,36,3.27
400025,CICS - BUCKTOWN,ES,Charter,Charter,Traditional,LOGAN SQUARE,31,2.82
400026,CICS - LOOMIS,ES,Charter,Charter,Traditional,WASHINGTON HEIGHTS,31,2.82
400027,CICS - IRVING PARK,ES,Charter,Charter,Traditional,IRVING PARK,30,2.73
400028,CICS - PRAIRIE,ES,Charter,Charter,Traditional,WEST PULLMAN,37,3.36
400029,CICS - WASHINGTON PARK,ES,Charter,Charter,Traditional,WASHINGTON PARK,35,3.18
400030,CICS - WEST BELDEN,ES,Charter,Charter,Traditional,BELMONT CRAGIN,37,3.36
400031,CICS - WRIGHTWOOD,ES,Charter,Charter,Traditional,ASHBURN,30,2.73
400039,ERIE,ES,Charter,Charter,Traditional,WEST TOWN,29,2.64
400044,KIPP - ASCEND,ES,Charter,Charter,Traditional,NORTH LAWNDALE,40,3.64
400046,LEARN - BUTLER,ES,Charter,Charter,Traditional,NORTH LAWNDALE,37,3.36
400047,LEARN - CAMPBELL,ES,Charter,Charter,Traditional,EAST GARFIELD PARK,37,3.36
400048,LEARN - EXCEL,ES,Charter,Charter,Traditional,EAST GARFIELD PARK,35,3.18
400049,LEGACY,ES,Charter,Charter,Traditional,NORTH LAWNDALE,36,3.27
400050,NAMASTE,ES,Charter,Charter,Traditional,MCKINLEY PARK,37,3.36
400060,PASSAGES,ES,Charter,Charter,Traditional,EDGEWATER,34,3.09
400069,POLARIS,ES,Charter,Charter,Traditional,HUMBOLDT PARK,37,3.36
400071,PROVIDENCE ENGLEWOOD,ES,Charter,Charter,Traditional,WEST ENGLEWOOD,39,3.55
400075,U OF C - DONOGHUE,ES,Charter,Charter,Traditional,OAKLAND,32,2.91
400076,U OF C - NKO,ES,Charter,Charter,Traditional,KENWOOD,33,3
400079,ACERO - ZIZUMBO,ES,Charter,Charter,Traditional,ARCHER HEIGHTS,31,2.82
400080,ACERO - TORRES,ES,Charter,Charter,Traditional,ARCHER HEIGHTS,33,3
400081,ACERO - DE LAS CASAS,ES,Charter,Charter,Traditional,LOWER WEST SIDE,41,3.73
400082,ACERO - FUENTES,ES,Charter,Charter,Traditional,AVONDALE,35,3.18
400084,ACERO - TAMAYO,ES,Charter,Charter,Traditional,GAGE PARK,40,3.64
400089,ACERO - MARQUEZ,ES,Charter,Charter,Traditional,BRIGHTON PARK,38,3.45
400092,CICS - BOND,ES,Charter,Charter,Traditional,RIVERDALE,36,3.27
400096,ROWE,ES,Charter,Charter,Traditional,WEST TOWN,31,2.82
400101,ACERO - CISNEROS,ES,Charter,Charter,Traditional,BRIGHTON PARK,39,3.55
400107,LEARN - SOUTH CHICAGO,ES,Charter,Charter,Traditional,SOUTH CHICAGO,38,3.45
400111,LEARN - PERKINS,ES,Charter,Charter,Traditional,AUBURN GRESHAM,31,2.82
400112,ACERO - IDAR,ES,Charter,Charter,Traditional,GAGE PARK,37,3.36
400114,ACERO - SANTIAGO,ES,Charter,Charter,Traditional,WEST TOWN,38,3.45
400115,CATALYST - MARIA,ES,Charter,Charter,Traditional,CHICAGO LAWN,35,3.18
400116,MONTESSORI ENGLEWOOD,ES,Charter,Charter,Traditional,WEST ENGLEWOOD,39,3.55
400120,ACERO - CLEMENTE,ES,Charter,Charter,Traditional,BELMONT CRAGIN,34,3.09
400146,KIPP - ACADEMY,ES,Charter,Charter,Traditional,AUSTIN,40,3.64
400151,LEARN - 7,ES,Charter,Charter,Traditional,EAST GARFIELD PARK,40,3.64
400153,ACERO - BRIGHTON PARK,ES,Charter,Charter,Traditional,BRIGHTON PARK,35,3.18
400159,CHRISTOPHER HOUSE,ES,Charter,Charter,Traditional,BELMONT CRAGIN,35,3.18
400163,KIPP - BLOOM,ES,Charter,Charter,Traditional,ENGLEWOOD,35,3.18
400165,LEARN - MIDDLE,ES,Charter,Charter,Traditional,EAST GARFIELD PARK,34,3.09
400167,HORIZON - SOUTHWEST,ES,Charter,Charter,Traditional,GAGE PARK,34,3.09
400168,GREAT LAKES,ES,Charter,Charter,Traditional,SOUTH CHICAGO,35,3.18
400178,MOVING EVEREST,ES,Charter,Charter,Traditional,AUSTIN,36,3.27
400180,KIPP - ONE,ES,Charter,Charter,Traditional,HUMBOLDT PARK,39,3.55
609772,ADDAMS,ES,Network 13,District,Traditional,EAST SIDE,31,2.82
609773,TUBMAN,ES,Network 4,District,Traditional,LAKE VIEW,22,2
609774,ALCOTT ES,ES,Network 4,District,Traditional,LINCOLN PARK,19,1.73
609777,ARMOUR,ES,Network 6,District,Traditional,BRIDGEPORT,32,2.91
609779,ARMSTRONG G,ES,ISP,District,Traditional,WEST RIDGE,29,2.64
609782,AUDUBON,ES,Network 4,District,Traditional,NORTH CENTER,15,1.36
609786,AVALON PARK,ES,Network 12,District,Traditional,AVALON PARK,33,3
609788,BARNARD,ES,Network 10,District,Traditional,BEVERLY,29,2.64
609789,BARRY,ES,Network 4,District,Traditional,HERMOSA,42,3.82
609790,BARTON,ES,Network 11,District,Traditional,AUBURN GRESHAM,40,3.64
609791,BASS,ES,Network 11,District,Traditional,ENGLEWOOD,40,3.64
609792,BATEMAN,ES,Network 1,District,Traditional,IRVING PARK,26,2.36
609793,NICHOLSON,ES,Network 11,District,Traditional,ENGLEWOOD,42,3.82
609794,EDISON,ES,Network 1,District,Traditional,ALBANY PARK,24,2.18
609795,CLARK ES,ES,ISP,District,Traditional,AUSTIN,39,3.55
609796,BEAUBIEN,ES,Network 1,District,Traditional,JEFFERSON PARK,24,2.18
609797,BEIDLER,ES,Network 5,District,Traditional,EAST GARFIELD PARK,37,3.36
609798,BELDING,ES,Network 1,District,Traditional,IRVING PARK,22,2
609799,BELL,ES,Network 4,District,Traditional,NORTH CENTER,13,1.18
609800,BENNETT,ES,Network 13,District,Traditional,ROSELAND,35,3.18
609803,BLAINE,ES,Network 4,District,Traditional,LAKE VIEW,19,1.73
609804,MOSAIC,ES,Network 2,District,Traditional,WEST RIDGE,29,2.64
609805,JOPLIN,ES,Network 11,District,Traditional,AUBURN GRESHAM,37,3.36
609806,BRADWELL,ES,Network 12,District,Traditional,SOUTH SHORE,37,3.36
609807,HAMPTON,ES,Network 10,District,Traditional,ASHBURN,35,3.18
609808,HALEY,ES,Network 13,District,Traditional,ROSELAND,39,3.55
609809,BRENTANO,ES,Network 4,District,Traditional,LOGAN SQUARE,21,1.91
609810,BRIDGE,ES,Network 1,District,Traditional,DUNNING,23,2.09
609811,BRIGHT,ES,Network 13,District,Traditional,SOUTH DEERING,39,3.55
609812,BROWN W,ES,Network 6,District,Traditional,NEAR WEST SIDE,33,3
609813,BROWNELL,ES,Network 12,District,Traditional,GREATER GRAND CROSSING,38,3.45
609815,BOUCHET,ES,Network 12,District,Traditional,SOUTH SHORE,35,3.18
609817,BUDLONG,ES,ISP,District,Traditional,LINCOLN SQUARE,28,2.55
609818,BURBANK,ES,Network 3,District,Traditional,BELMONT CRAGIN,32,2.91
609819,BURKE,ES,Network 9,District,Traditional,WASHINGTON PARK,34,3.09
609820,BURLEY,ES,Network 4,District,Traditional,LAKE VIEW,20,1.82
609821,BURNHAM,ES,Network 13,District,Traditional,SOUTH DEERING,37,3.36
609827,BURNSIDE,ES,Network 12,District,Traditional,CHATHAM,36,3.27
609828,BURR,ES,Network 6,District,Traditional,WEST TOWN,19,1.73
609829,BURROUGHS,ES,Network 8,District,Traditional,BRIGHTON PARK,41,3.73
609830,BRUNSON,ES,Network 3,District,Traditional,AUSTIN,38,3.45
609832,BYRNE,ES,Network 10,District,Traditional,GARFIELD RIDGE,22,2
609833,DAISY BATES,ES,ISP,District,Traditional,AVALON PARK,35,3.18
609834,LITTLE VILLAGE,ES,ISP,District,Traditional,SOUTH LAWNDALE,38,3.45
609835,CAMERON,ES,Network 5,District,Traditional,HUMBOLDT PARK,40,3.64
609836,CANTY,ES,Network 1,District,Traditional,DUNNING,18,1.64
609837,CARNEGIE,ES,Network 9,District,Traditional,WOODLAWN,34,3.09
609839,CARROLL,ES,Network 10,District,Traditional,ASHBURN,33,3
609842,CARSON,ES,ISP,District,Traditional,GAGE PARK,35,3.18
609844,CARTER,ES,Network 9,District,Traditional,WASHINGTON PARK,42,3.82
609845,CARVER G,ES,Network 13,District,Traditional,RIVERDALE,35,3.18
609848,ALDRIDGE,ES,Network 13,District,Traditional,RIVERDALE,40,3.64
609849,CASSELL,ES,ISP,District,Traditional,MOUNT GREENWOOD,21,1.91
609850,GREELEY,ES,Network 4,District,Traditional,LAKE VIEW,31,2.82
609851,CHALMERS,ES,Network 5,District,Traditional,NORTH LAWNDALE,47,4.27
609852,CHAPPELL,ES,Network 2,District,Traditional,LINCOLN SQUARE,23,2.09
609853,CHASE,ES,Network 4,District,Traditional,LOGAN SQUARE,25,2.27
609854,CHOPIN,ES,Network 5,District,Traditional,WEST TOWN,27,2.45
609855,CHRISTOPHER,ES,Network 8,District,Traditional,GAGE PARK,36,3.27
609856,CLAY,ES,Network 13,District,Traditional,HEGEWISCH,26,2.36
609857,CLEVELAND,ES,Network 1,District,Traditional,IRVING PARK,30,2.73
609859,CLINTON,ES,ISP,District,Traditional,WEST RIDGE,27,2.45
609861,CLISSOLD,ES,Network 10,District,Traditional,MORGAN PARK,21,1.91
609862,COLES,ES,Network 12,District,Traditional,SOUTH CHICAGO,38,3.45
609863,GINSBURG,ES,ISP,District,Traditional,WEST TOWN,27,2.45
609864,COOK,ES,Network 11,District,Traditional,AUBURN GRESHAM,36,3.27
609865,JORDAN,ES,Network 2,District,Traditional,ROGERS PARK,37,3.36
609866,COONLEY,ES,Network 2,District,Traditional,NORTH CENTER,17,1.55
609867,COOPER,ES,Network 7,District,Traditional,LOWER WEST SIDE,35,3.18
609869,LANGFORD,ES,Network 11,District,Traditional,WEST ENGLEWOOD,38,3.45
609870,CORKERY,ES,Network 7,District,Traditional,SOUTH LAWNDALE,45,4.09
609872,PEREZ,ES,Network 7,District,Traditional,LOWER WEST SIDE,36,3.27
609873,CROWN,ES,Network 5,District,Traditional,NORTH LAWNDALE,38,3.45
609874,DIRKSEN,ES,Network 1,District,Traditional,OHARE,22,2
609875,DARWIN,ES,Network 4,District,Traditional,LOGAN SQUARE,25,2.27
609876,DAVIS N,ES,Network 8,District,Traditional,BRIGHTON PARK,39,3.55
609879,DAWES,ES,Network 10,District,Traditional,ASHBURN,28,2.55
609880,DECATUR,ES,Network 2,District,Traditional,WEST RIDGE,18,1.64
609883,DENEEN,ES,Network 12,District,Traditional,GREATER GRAND CROSSING,41,3.73
609884,DEVER,ES,Network 1,District,Traditional,DUNNING,23,2.09
609885,DEWEY,ES,Network 8,District,Traditional,NEW CITY,42,3.82
609887,DIXON,ES,Network 12,District,Traditional,CHATHAM,30,2.73
609891,DOOLITTLE,ES,Network 9,District,Traditional,DOUGLAS,42,3.82
609893,DORE,ES,Network 10,District,Traditional,CLEARING,24,2.18
609894,DRAKE,ES,Network 9,District,Traditional,DOUGLAS,36,3.27
609895,TURNER-DREW,ES,Network 11,District,Traditional,ROSELAND,37,3.36
609896,DRUMMOND,ES,Network 6,District,Traditional,LOGAN SQUARE,25,2.27
609897,EARLE,ES,Network 11,District,Traditional,WEST ENGLEWOOD,43,3.91
609898,EBERHART,ES,Network 10,District,Traditional,CHICAGO LAWN,34,3.09
609899,EBINGER,ES,Network 1,District,Traditional,EDISON PARK,15,1.36
609900,CURTIS,ES,Network 13,District,Traditional,ROSELAND,37,3.36
609901,EDGEBROOK,ES,Network 1,District,Traditional,FOREST GLEN,18,1.64
609902,METCALFE,ES,Network 13,District,Traditional,WEST PULLMAN,41,3.73
609903,EDWARDS,ES,Network 8,District,Traditional,ARCHER HEIGHTS,33,3
609904,ELLINGTON,ES,Network 3,District,Traditional,AUSTIN,41,3.73
609907,ERICSON,ES,Network 5,District,Traditional,EAST GARFIELD PARK,40,3.64
609908,ESMOND,ES,Network 10,District,Traditional,MORGAN PARK,29,2.64
609909,EVERETT,ES,ISP,District,Traditional,MCKINLEY PARK,36,3.27
609910,FALCONER,ES,Network 3,District,Traditional,BELMONT CRAGIN,31,2.82
609912,FARNSWORTH,ES,Network 1,District,Traditional,JEFFERSON PARK,22,2
609917,FERNWOOD,ES,Network 13,District,Traditional,WASHINGTON HEIGHTS,37,3.36
609918,FIELD,ES,Network 2,District,Traditional,ROGERS PARK,39,3.55
609919,FISKE,ES,Network 9,District,Traditional,WOODLAWN,39,3.55
609920,KANOON,ES,Network 7,District,Traditional,SOUTH LAWNDALE,44,4
609921,TELPOCHCALLI,ES,Network 7,District,Traditional,SOUTH LAWNDALE,43,3.91
609922,BELMONT-CRAGIN,ES,Network 3,District,Traditional,BELMONT CRAGIN,37,3.36
609924,FORT DEARBORN,ES,Network 11,District,Traditional,WASHINGTON HEIGHTS,37,3.36
609925,KELLMAN,ES,Network 5,District,Traditional,EAST GARFIELD PARK,42,3.82
609926,FRANKLIN,ES,Network 4,District,Traditional,NEAR NORTH SIDE,20,1.82
609927,FOSTER PARK,ES,Network 11,District,Traditional,AUBURN GRESHAM,40,3.64
609928,FARMER,ES,Network 9,District,Traditional,GRAND BOULEVARD,31,2.82
609929,FULTON,ES,Network 8,District,Traditional,NEW CITY,38,3.45
609930,FUNSTON,ES,Network 4,District,Traditional,LOGAN SQUARE,41,3.73
609933,GALE,ES,Network 2,District,Traditional,ROGERS PARK,39,3.55
609935,GALLISTEL,ES,Network 13,District,Traditional,EAST SIDE,36,3.27
609937,GARVY,ES,Network 1,District,Traditional,NORWOOD PARK,18,1.64
609938,GARY,ES,Network 7,District,Traditional,SOUTH LAWNDALE,38,3.45
609939,GILLESPIE,ES,Network 12,District,Traditional,ROSELAND,39,3.55
609941,RANDOLPH,ES,Network 11,District,Traditional,WEST ENGLEWOOD,40,3.64
609942,GOETHE,ES,Network 4,District,Traditional,LOGAN SQUARE,24,2.18
609943,OWENS,ES,Network 13,District,Traditional,WEST PULLMAN,38,3.45
609944,GRISSOM,ES,Network 13,District,Traditional,HEGEWISCH,25,2.27
609945,GOUDY,ES,Network 2,District,Traditional,UPTOWN,25,2.27
609947,GRAHAM ES,ES,Network 6,District,Traditional,NEW CITY,39,3.55
609949,GRAY,ES,Network 1,District,Traditional,PORTAGE PARK,24,2.18
609950,ORTIZ DE DOMINGUEZ,ES,Network 7,District,Traditional,SOUTH LAWNDALE,42,3.82
609951,ARIEL,ES,Network 9,District,Traditional,KENWOOD,32,2.91
609952,GREENE,ES,Network 8,District,Traditional,MCKINLEY PARK,38,3.45
609954,GREGORY,ES,Network 5,District,Traditional,EAST GARFIELD PARK,41,3.73
609955,GRESHAM,ES,Network 11,District,Traditional,AUBURN GRESHAM,33,3
609956,GRIMES,ES,Network 10,District,Traditional,CLEARING,30,2.73
609958,GUNSAULUS,ES,Network 8,District,Traditional,BRIGHTON PARK,36,3.27
609959,HAINES,ES,Network 6,District,Traditional,ARMOUR SQUARE,34,3.09
609960,HALE,ES,Network 10,District,Traditional,CLEARING,21,1.91
609961,NINOS HEROES,ES,Network 12,District,Traditional,SOUTH CHICAGO,34,3.09
609963,HAMILTON,ES,Network 4,District,Traditional,LAKE VIEW,25,2.27
609964,HAMLINE,ES,Network 8,District,Traditional,NEW CITY,43,3.91
609966,HAMMOND,ES,Network 7,District,Traditional,SOUTH LAWNDALE,42,3.82
609967,FINKL,ES,Network 7,District,Traditional,LOWER WEST SIDE,45,4.09
609968,MCAULIFFE,ES,Network 4,District,Traditional,HERMOSA,36,3.27
609969,HARTE,ES,Network 9,District,Traditional,HYDE PARK,32,2.91
609971,HARVARD,ES,Network 11,District,Traditional,GREATER GRAND CROSSING,39,3.55
609972,HAUGAN,ES,ISP,District,Traditional,ALBANY PARK,30,2.73
609973,ZAPATA,ES,Network 7,District,Traditional,SOUTH LAWNDALE,35,3.18
609974,HAWTHORNE,ES,Network 4,District,Traditional,LAKE VIEW,16,1.45
609975,HAY,ES,Network 3,District,Traditional,AUSTIN,40,3.64
609976,HAYT,ES,Network 2,District,Traditional,EDGEWATER,29,2.64
609977,WOODLAWN,ES,Network 9,District,Traditional,WOODLAWN,35,3.18
609978,SMITH,ES,Network 13,District,Traditional,PULLMAN,35,3.18
609979,HEALY,ES,Network 6,District,Traditional,BRIDGEPORT,21,1.91
609981,HEARST,ES,Network 10,District,Traditional,GARFIELD RIDGE,31,2.82
609983,HEDGES,ES,Network 8,District,Traditional,NEW CITY,46,4.18
609985,HEFFERAN,ES,Network 5,District,Traditional,WEST GARFIELD PARK,39,3.55
609986,HENDERSON,ES,Network 8,District,Traditional,WEST ENGLEWOOD,44,4
609987,HENDRICKS,ES,Network 9,District,Traditional,FULLER PARK,42,3.82
609988,HENRY,ES,Network 1,District,Traditional,IRVING PARK,36,3.27
609990,SOUTH LOOP,ES,ISP,District,Traditional,NEAR SOUTH SIDE,16,1.45
609991,HERZL,ES,Network 7,District,Traditional,NORTH LAWNDALE,37,3.36
609993,LARA,ES,ISP,District,Traditional,NEW CITY,43,3.91
609994,HIBBARD,ES,Network 1,District,Traditional,ALBANY PARK,29,2.64
609995,HITCH,ES,Network 1,District,Traditional,NORWOOD PARK,21,1.91
609996,HOLDEN,ES,ISP,District,Traditional,BRIDGEPORT,30,2.73
609997,HOLMES,ES,Network 8,District,Traditional,ENGLEWOOD,42,3.82
610000,HOWE,ES,Network 3,District,Traditional,AUSTIN,39,3.55
610002,HOYNE,ES,Network 12,District,Traditional,CALUMET HEIGHTS,31,2.82
610003,CUFFE,ES,Network 11,District,Traditional,AUBURN GRESHAM,41,3.73
610004,CULLEN,ES,Network 13,District,Traditional,ROSELAND,39,3.55
610005,HUGHES C,ES,Network 7,District,Traditional,NORTH LAWNDALE,40,3.64
610006,HURLEY,ES,Network 10,District,Traditional,WEST LAWN,34,3.09
610009,GALILEO,ES,Network 6,District,Traditional,NEAR WEST SIDE,27,2.45
610010,JAHN,ES,Network 4,District,Traditional,NORTH CENTER,28,2.55
610011,JAMIESON,ES,Network 2,District,Traditional,WEST RIDGE,22,2
610013,PILSEN,ES,Network 7,District,Traditional,LOWER WEST SIDE,39,3.55
610015,JUNGMAN,ES,ISP,District,Traditional,LOWER WEST SIDE,27,2.45
610016,KELLOGG,ES,Network 10,District,Traditional,BEVERLY,25,2.27
610017,SAUCEDO,ES,Network 7,District,Traditional,SOUTH LAWNDALE,39,3.55
610019,KERSHAW,ES,Network 11,District,Traditional,ENGLEWOOD,39,3.55
610021,CASALS,ES,Network 5,District,Traditional,HUMBOLDT PARK,38,3.45
610022,KILMER,ES,Network 2,District,Traditional,ROGERS PARK,31,2.82
610024,CARDENAS,ES,ISP,District,Traditional,SOUTH LAWNDALE,35,3.18
610026,KINZIE,ES,Network 10,District,Traditional,GARFIELD RIDGE,30,2.73
610027,KIPLING,ES,Network 11,District,Traditional,WASHINGTON HEIGHTS,35,3.18
610029,LOZANO,ES,Network 6,District,Traditional,WEST TOWN,33,3
610030,KOZMINSKI,ES,Network 9,District,Traditional,HYDE PARK,33,3
610032,GREEN,ES,Network 11,District,Traditional,WASHINGTON HEIGHTS,34,3.09
610033,LASALLE,ES,Network 4,District,Traditional,LINCOLN PARK,23,2.09
610034,LAWNDALE,ES,Network 5,District,Traditional,NORTH LAWNDALE,43,3.91
610036,LEWIS,ES,Network 3,District,Traditional,AUSTIN,41,3.73
610037,LIBBY,ES,Network 8,District,Traditional,NEW CITY,42,3.82
610038,LINCOLN,ES,Network 4,District,Traditional,LINCOLN PARK,15,1.36
610039,VON LINNE,ES,Network 4,District,Traditional,AVONDALE,29,2.64
610040,LLOYD,ES,Network 3,District,Traditional,BELMONT CRAGIN,41,3.73
610041,LOCKE J,ES,Network 3,District,Traditional,MONTCLARE,22,2
610043,LOVETT,ES,Network 3,District,Traditional,AUSTIN,37,3.36
610044,LOWELL,ES,Network 5,District,Traditional,HUMBOLDT PARK,41,3.73
610046,LYON,ES,Network 3,District,Traditional,BELMONT CRAGIN,33,3
610047,MADISON,ES,Network 12,District,Traditional,SOUTH SHORE,35,3.18
610048,MANIERRE,ES,Network 4,District,Traditional,NEAR NORTH SIDE,33,3
610051,NORTHWEST,ES,Network 3,District,Traditional,BELMONT CRAGIN,40,3.64
610052,MANN,ES,Network 12,District,Traditional,SOUTH CHICAGO,34,3.09
610053,MARQUETTE,ES,Network 10,District,Traditional,CHICAGO LAWN,35,3.18
610054,MARSH,ES,Network 13,District,Traditional,SOUTH DEERING,39,3.55
610055,FARADAY,ES,Network 5,District,Traditional,EAST GARFIELD PARK,46,4.18
610056,MASON,ES,Network 7,District,Traditional,NORTH LAWNDALE,47,4.27
610057,FAIRFIELD,ES,Network 10,District,Traditional,CHICAGO LAWN,41,3.73
610059,MAYER,ES,Network 4,District,Traditional,LINCOLN PARK,14,1.27
610060,CHICAGO WORLD LANGUAGE ACADEMY,ES,Network 6,District,Traditional,NEAR WEST SIDE,29,2.64
610062,MIÑOSO,ES,Network 6,District,Traditional,BRIDGEPORT,31,2.82
610063,MCCORMICK,ES,Network 7,District,Traditional,SOUTH LAWNDALE,44,4
610065,TILL,ES,Network 9,District,Traditional,WOODLAWN,41,3.73
610066,MCDADE,ES,Network 12,District,Traditional,CHATHAM,28,2.55
610067,MCKAY,ES,Network 10,District,Traditional,CHICAGO LAWN,38,3.45
610068,HANSON PARK,ES,Network 3,District,Traditional,BELMONT CRAGIN,34,3.09
610070,MCPHERSON,ES,Network 2,District,Traditional,LINCOLN SQUARE,25,2.27
610073,MITCHELL,ES,ISP,District,Traditional,WEST TOWN,21,1.91
610074,LOGAN SQUARE,ES,Network 4,District,Traditional,LOGAN SQUARE,31,2.82
610076,MOOS,ES,Network 5,District,Traditional,WEST TOWN,29,2.64
610077,MORRILL,ES,Network 10,District,Traditional,CHICAGO LAWN,42,3.82
610078,INTER-AMERICAN,ES,Network 4,District,Traditional,LAKE VIEW,27,2.45
610081,SHERIDAN,ES,Network 6,District,Traditional,BRIDGEPORT,22,2
610082,MOUNT GREENWOOD,ES,ISP,District,Traditional,MOUNT GREENWOOD,16,1.45
610084,KELLER,ES,Network 10,District,Traditional,MOUNT GREENWOOD,24,2.18
610086,MOUNT VERNON,ES,Network 13,District,Traditional,WASHINGTON HEIGHTS,32,2.91
610088,MOZART,ES,Network 4,District,Traditional,LOGAN SQUARE,37,3.36
610089,MURPHY,ES,Network 1,District,Traditional,IRVING PARK,31,2.82
610090,MURRAY,ES,Network 9,District,Traditional,HYDE PARK,33,3
610091,BROWN R,ES,Network 13,District,Traditional,WEST PULLMAN,36,3.27
610092,NASH,ES,Network 3,District,Traditional,AUSTIN,39,3.55
610093,NEIL,ES,Network 12,District,Traditional,CHATHAM,40,3.64
610094,NETTELHORST,ES,Network 4,District,Traditional,LAKE VIEW,18,1.64
610095,NEWBERRY,ES,Network 4,District,Traditional,LINCOLN PARK,34,3.09
610096,NIGHTINGALE,ES,Network 8,District,Traditional,GAGE PARK,34,3.09
610097,NIXON,ES,Network 4,District,Traditional,HERMOSA,38,3.45
610098,NOBEL,ES,ISP,District,Traditional,HUMBOLDT PARK,40,3.64
610099,NORWOOD PARK,ES,Network 1,District,Traditional,NORWOOD PARK,22,2
610100,WEST PARK,ES,Network 5,District,Traditional,HUMBOLDT PARK,46,4.18
610101,OGDEN ES,ES,Network 15,District,Traditional,NEAR NORTH SIDE,19,1.73
610102,OGLESBY,ES,Network 11,District,Traditional,AUBURN GRESHAM,39,3.55
610103,OKEEFFE,ES,Network 12,District,Traditional,SOUTH SHORE,37,3.36
610104,ONAHAN,ES,Network 1,District,Traditional,NORWOOD PARK,16,1.45
610105,ORIOLE PARK,ES,Network 1,District,Traditional,NORWOOD PARK,16,1.45
610106,PICCOLO,ES,Network 5,District,Traditional,HUMBOLDT PARK,35,3.18
610107,OTIS,ES,Network 6,District,Traditional,WEST TOWN,29,2.64
610108,OTOOLE,ES,Network 11,District,Traditional,WEST ENGLEWOOD,40,3.64
610109,OWEN,ES,Network 10,District,Traditional,ASHBURN,34,3.09
610110,WELLS ES,ES,Network 9,District,Traditional,DOUGLAS,33,3
610111,PALMER,ES,ISP,District,Traditional,ALBANY PARK,18,1.64
610112,PARKER,ES,Network 11,District,Traditional,ENGLEWOOD,37,3.36
610115,PARK MANOR,ES,Network 12,District,Traditional,GREATER GRAND CROSSING,37,3.36
610116,PARKSIDE,ES,Network 12,District,Traditional,SOUTH SHORE,35,3.18
610117,PASTEUR,ES,Network 8,District,Traditional,WEST ELSDON,31,2.82
610120,PECK,ES,ISP,District,Traditional,WEST ELSDON,32,2.91
610121,IRVING,ES,Network 6,District,Traditional,NEAR WEST SIDE,36,3.27
610122,PEIRCE,ES,Network 2,District,Traditional,EDGEWATER,21,1.91
610123,PENN,ES,Network 7,District,Traditional,NORTH LAWNDALE,45,4.09
610124,WASHINGTON H ES,ES,Network 12,District,Traditional,BURNSIDE,36,3.27
610125,RUIZ,ES,Network 7,District,Traditional,LOWER WEST SIDE,35,3.18
610126,PERSHING,ES,Network 9,District,Traditional,DOUGLAS,34,3.09
610127,PETERSON,ES,Network 1,District,Traditional,NORTH PARK,25,2.27
610128,GARVEY,ES,Network 13,District,Traditional,WASHINGTON HEIGHTS,31,2.82
610129,PICKARD,ES,Network 7,District,Traditional,LOWER WEST SIDE,31,2.82
610130,PIRIE,ES,Network 12,District,Traditional,CHATHAM,37,3.36
610131,PLAMONDON,ES,ISP,District,Traditional,NORTH LAWNDALE,35,3.18
610132,POE,ES,Network 13,District,Traditional,PULLMAN,26,2.36
610133,WARD L,ES,Network 5,District,Traditional,HUMBOLDT PARK,41,3.73
610135,PORTAGE PARK,ES,Network 1,District,Traditional,PORTAGE PARK,25,2.27
610136,PRESCOTT,ES,Network 4,District,Traditional,LINCOLN PARK,21,1.91
610137,PRUSSING,ES,Network 1,District,Traditional,PORTAGE PARK,21,1.91
610138,PULASKI,ES,Network 6,District,Traditional,LOGAN SQUARE,18,1.64
610139,PULLMAN,ES,Network 13,District,Traditional,PULLMAN,31,2.82
610141,RAVENSWOOD,ES,Network 2,District,Traditional,LAKE VIEW,20,1.82
610142,RAY,ES,Network 9,District,Traditional,HYDE PARK,26,2.36
610143,REAVIS,ES,Network 9,District,Traditional,KENWOOD,29,2.64
610144,REILLY,ES,Network 4,District,Traditional,AVONDALE,33,3
610145,REINBERG,ES,Network 1,District,Traditional,PORTAGE PARK,29,2.64
610146,REVERE,ES,Network 12,District,Traditional,GREATER GRAND CROSSING,40,3.64
610147,ROGERS,ES,Network 2,District,Traditional,WEST RIDGE,24,2.18
610148,CHAVEZ,ES,ISP,District,Traditional,NEW CITY,38,3.45
610152,RUGGLES,ES,Network 12,District,Traditional,GREATER GRAND CROSSING,34,3.09
610153,RYDER,ES,Network 11,District,Traditional,AUBURN GRESHAM,37,3.36
610155,SAUGANASH,ES,Network 1,District,Traditional,FOREST GLEN,15,1.36
610157,SAWYER,ES,Network 8,District,Traditional,GAGE PARK,39,3.55
610158,SAYRE,ES,Network 3,District,Traditional,AUSTIN,31,2.82
610159,SCAMMON,ES,Network 1,District,Traditional,IRVING PARK,28,2.55
610165,SCHUBERT,ES,Network 3,District,Traditional,BELMONT CRAGIN,37,3.36
610167,SEWARD,ES,Network 8,District,Traditional,NEW CITY,42,3.82
610170,COLUMBIA EXPLORERS,ES,ISP,District,Traditional,BRIGHTON PARK,35,3.18
610171,MIRELES,ES,Network 12,District,Traditional,SOUTH CHICAGO,37,3.36
610172,SHERMAN,ES,Network 8,District,Traditional,NEW CITY,45,4.09
610173,SHERWOOD,ES,ISP,District,Traditional,ENGLEWOOD,42,3.82
610174,SHIELDS,ES,Network 8,District,Traditional,BRIGHTON PARK,38,3.45
610175,SHOESMITH,ES,Network 9,District,Traditional,KENWOOD,31,2.82
610176,SHOOP,ES,Network 13,District,Traditional,MORGAN PARK,34,3.09
610177,SKINNER,ES,Network 6,District,Traditional,NEAR WEST SIDE,16,1.45
610178,SCHMID,ES,Network 12,District,Traditional,PULLMAN,35,3.18
610179,SMYSER,ES,Network 1,District,Traditional,PORTAGE PARK,22,2
610180,SMYTH,ES,Network 6,District,Traditional,NEAR WEST SIDE,37,3.36
610182,SOLOMON,ES,Network 1,District,Traditional,NORTH PARK,28,2.55
610183,SPENCER,ES,Network 3,District,Traditional,AUSTIN,36,3.27
610184,SPRY ES,ES,Network 16,District,Traditional,SOUTH LAWNDALE,43,3.91
610185,STEVENSON,ES,Network 10,District,Traditional,ASHBURN,31,2.82
610188,DUNNE,ES,Network 13,District,Traditional,ROSELAND,34,3.09
610191,STONE,ES,Network 2,District,Traditional,WEST RIDGE,27,2.45
610192,STOWE,ES,Network 5,District,Traditional,HUMBOLDT PARK,41,3.73
610193,NEW SULLIVAN,ES,Network 12,District,Traditional,SOUTH CHICAGO,40,3.64
610194,SUMNER,ES,Network 5,District,Traditional,WEST GARFIELD PARK,40,3.64
610195,SUTHERLAND,ES,Network 10,District,Traditional,BEVERLY,22,2
610196,SWIFT,ES,Network 2,District,Traditional,EDGEWATER,33,3
610197,TALCOTT,ES,Network 6,District,Traditional,WEST TOWN,32,2.91
610198,TAYLOR,ES,Network 13,District,Traditional,EAST SIDE,40,3.64
610199,COLEMON,ES,Network 13,District,Traditional,WEST PULLMAN,36,3.27
610200,THORP J,ES,Network 12,District,Traditional,SOUTH CHICAGO,43,3.91
610201,THORP O,ES,ISP,District,Traditional,DUNNING,24,2.18
610202,TILTON,ES,Network 5,District,Traditional,WEST GARFIELD PARK,40,3.64
610203,MONARCAS,ES,Network 8,District,Traditional,GAGE PARK,38,3.45
610206,TWAIN,ES,Network 10,District,Traditional,GARFIELD RIDGE,28,2.55
610207,VANDERPOEL,ES,Network 10,District,Traditional,BEVERLY,36,3.27
610208,LAVIZZO,ES,Network 13,District,Traditional,ROSELAND,43,3.91
610209,VOLTA,ES,Network 1,District,Traditional,ALBANY PARK,34,3.09
610212,ALBANY PARK,ES,Network 1,District,Traditional,ALBANY PARK,36,3.27
610213,WADSWORTH,ES,Network 9,District,Traditional,WOODLAWN,30,2.73
610215,MADERO,ES,Network 7,District,Traditional,SOUTH LAWNDALE,44,4
610216,WALSH,ES,Network 7,District,Traditional,LOWER WEST SIDE,35,3.18
610217,WARD J,ES,Network 6,District,Traditional,ARMOUR SQUARE,30,2.73
610218,WARREN,ES,Network 12,District,Traditional,CALUMET HEIGHTS,30,2.73
610219,WASHINGTON G ES,ES,Network 13,District,Traditional,EAST SIDE,28,2.55
610220,WATERS,ES,Network 2,District,Traditional,LINCOLN SQUARE,17,1.55
610221,WEBSTER,ES,Network 5,District,Traditional,WEST GARFIELD PARK,43,3.91
610223,WENTWORTH,ES,Network 11,District,Traditional,WEST ENGLEWOOD,44,4
610225,WHISTLER,ES,Network 13,District,Traditional,WEST PULLMAN,37,3.36
610226,SANDOVAL,ES,Network 8,District,Traditional,GAGE PARK,36,3.27
610227,WHITNEY,ES,Network 7,District,Traditional,SOUTH LAWNDALE,35,3.18
610228,WHITTIER,ES,Network 7,District,Traditional,LOWER WEST SIDE,41,3.73
610229,PRITZKER,ES,Network 6,District,Traditional,WEST TOWN,17,1.55
610230,WILDWOOD,ES,Network 1,District,Traditional,FOREST GLEN,15,1.36
610231,NATIONAL TEACHERS,ES,Network 6,District,Traditional,NEAR SOUTH SIDE,22,2
610234,YATES,ES,Network 5,District,Traditional,LOGAN SQUARE,38,3.45
610235,YOUNG ES,ES,Network 3,District,Traditional,AUSTIN,31,2.82
610237,BEETHOVEN,ES,Network 9,District,Traditional,GRAND BOULEVARD,43,3.91
610238,BOND,ES,Network 11,District,Traditional,ENGLEWOOD,46,4.18
610239,DALEY,ES,Network 8,District,Traditional,NEW CITY,43,3.91
610242,BRENNEMANN,ES,Network 2,District,Traditional,UPTOWN,33,3
610246,BEASLEY,ES,Network 9,District,Traditional,WASHINGTON PARK,32,2.91
610248,CHICAGO ACADEMY ES,ES,Network 1,District,Traditional,DUNNING,28,2.55
610249,TALMAN,ES,Network 8,District,Traditional,GAGE PARK,39,3.55
610250,SALAZAR,ES,ISP,District,Traditional,NEAR NORTH SIDE,36,3.27
610251,CATHER,ES,Network 5,District,Traditional,EAST GARFIELD PARK,38,3.45
610252,DETT,ES,Network 6,District,Traditional,NEAR WEST SIDE,33,3
610254,DVORAK,ES,Network 7,District,Traditional,NORTH LAWNDALE,42,3.82
610256,ROBINSON,ES,Network 9,District,Traditional,OAKLAND,35,3.18
610257,MORTON,ES,Network 5,District,Traditional,HUMBOLDT PARK,33,3
610263,DULLES,ES,Network 9,District,Traditional,GREATER GRAND CROSSING,34,3.09
610268,ASHE,ES,Network 12,District,Traditional,CHATHAM,40,3.64
610269,MCCUTCHEON,ES,Network 2,District,Traditional,UPTOWN,32,2.91
610271,JENSEN,ES,Network 5,District,Traditional,EAST GARFIELD PARK,33,3
610274,JOHNSON,ES,Network 5,District,Traditional,NORTH LAWNDALE,44,4
610276,MOLLISON,ES,Network 9,District,Traditional,GRAND BOULEVARD,39,3.55
610279,TANNER,ES,Network 12,District,Traditional,GREATER GRAND CROSSING,37,3.36
610281,POWELL,ES,Network 12,District,Traditional,SOUTH SHORE,32,2.91
610282,MCNAIR,ES,Network 3,District,Traditional,AUSTIN,41,3.73
610284,NEW FIELD,ES,Network 2,District,Traditional,ROGERS PARK,32,2.91
610287,ASHBURN,ES,Network 10,District,Traditional,ASHBURN,33,3
610290,MAYS,ES,Network 11,District,Traditional,ENGLEWOOD,41,3.73
610291,LEE,ES,ISP,District,Traditional,WEST LAWN,35,3.18
610293,MELODY,ES,Network 5,District,Traditional,WEST GARFIELD PARK,41,3.73
610295,HIGGINS,ES,Network 13,District,Traditional,WEST PULLMAN,35,3.18
610298,LENART,ES,Network 11,District,Traditional,CHATHAM,30,2.73
610299,KING ES,ES,Network 11,District,Traditional,ENGLEWOOD,43,3.91
610300,WESTCOTT,ES,Network 11,District,Traditional,CHATHAM,36,3.27
610305,LELAND,ES,Network 3,District,Traditional,AUSTIN,42,3.82
610312,MCDOWELL,ES,ISP,District,Traditional,CALUMET HEIGHTS,31,2.82
610313,DE DIEGO,ES,Network 5,District,Traditional,WEST TOWN,31,2.82
610315,WHITE,ES,Network 13,District,Traditional,WEST PULLMAN,39,3.55
610316,EARHART,ES,Network 12,District,Traditional,CALUMET HEIGHTS,27,2.45
610317,BRIGHTON PARK,ES,Network 8,District,Traditional,BRIGHTON PARK,40,3.64
610319,EVERGREEN,ES,Network 8,District,Traditional,MCKINLEY PARK,40,3.64
610325,AVONDALE-LOGANDALE,ES,Network 4,District,Traditional,AVONDALE,28,2.55
610329,OROZCO,ES,Network 7,District,Traditional,LOWER WEST SIDE,41,3.73
610339,STAGG,ES,Network 11,District,Traditional,ENGLEWOOD,43,3.91
610342,SABIN,ES,Network 6,District,Traditional,WEST TOWN,33,3
610345,WOODSON,ES,Network 9,District,Traditional,GRAND BOULEVARD,35,3.18
610347,CLAREMONT,ES,Network 10,District,Traditional,CHICAGO LAWN,41,3.73
610350,BLACK,ES,Network 12,District,Traditional,CALUMET HEIGHTS,31,2.82
610352,DURKIN PARK,ES,Network 10,District,Traditional,ASHBURN,31,2.82
610353,CALMECA,ES,Network 8,District,Traditional,BRIGHTON PARK,39,3.55
610354,NORTH RIVER,ES,Network 1,District,Traditional,ALBANY PARK,38,3.45
610355,COURTENAY,ES,Network 2,District,Traditional,UPTOWN,32,2.91
610362,EVERS,ES,Network 11,District,Traditional,WASHINGTON HEIGHTS,34,3.09
610363,DISNEY,ES,Network 2,District,Traditional,UPTOWN,23,2.09
610364,DUBOIS,ES,Network 13,District,Traditional,RIVERDALE,40,3.64
610366,WACKER,ES,ISP,District,Traditional,WASHINGTON HEIGHTS,32,2.91
610367,DEPRIEST,ES,Network 3,District,Traditional,AUSTIN,44,4
610368,HUGHES L,ES,Network 13,District,Traditional,ROSELAND,37,3.36
610369,JACKSON M,ES,Network 11,District,Traditional,AUBURN GRESHAM,39,3.55
610396,TARKINGTON,ES,Network 10,District,Traditional,CHICAGO LAWN,42,3.82
610405,SUDER,ES,Network 6,District,Traditional,NEAR WEST SIDE,28,2.55
610503,FRAZIER PROSPECTIVE,ES,ISP,District,Traditional,NORTH LAWNDALE,45,4.09
610515,DISNEY II ES,ES,Network 14,District,Traditional,IRVING PARK,20,1.82
610520,LASALLE II,ES,ISP,District,Traditional,WEST TOWN,25,2.27
610521,DAVIS M,ES,ISP,District,Traditional,WEST ENGLEWOOD,44,4
610523,EDISON PARK,ES,Network 1,District,Traditional,NORWOOD PARK,19,1.73
610530,SOUTH SHORE ES,ES,Network 12,District,Traditional,SOUTH SHORE,38,3.45
610532,HERNANDEZ,ES,Network 8,District,Traditional,GAGE PARK,35,3.18
610533,PRIETO,ES,Network 3,District,Traditional,BELMONT CRAGIN,34,3.09
610534,SKINNER NORTH,ES,Network 4,District,Traditional,NEAR NORTH SIDE,14,1.27
610539,CAMRAS,ES,ISP,District,Traditional,BELMONT CRAGIN,30,2.73
610541,LORCA,ES,Network 4,District,Traditional,AVONDALE,29,2.64
610542,WEST RIDGE,ES,ISP,District,Traditional,WEST RIDGE,25,2.27
610544,AZUELA,ES,Network 10,District,Traditional,WEST LAWN,28,2.55
610548,STEM,ES,ISP,District,Traditional,NEAR WEST SIDE,25,2.27
610559,SHIELDS MIDDLE,ES,Network 8,District,Traditional,BRIGHTON PARK,39,3.55
610586,SADLOWSKI,ES,Network 13,District,Traditional,EAST SIDE,30,2.73
610588,RICHARDSON,ES,Network 10,District,Traditional,WEST LAWN,28,2.55
610589,SOR JUANA,ES,Network 8,District,Traditional,WEST ELSDON,27,2.45
610590,BRONZEVILLE CLASSICAL,ES,Network 9,District,Traditional,GRAND BOULEVARD,22,2
400013,ASPIRA - EARLY COLLEGE HS,HS,Charter,Charter,Traditional,AVONDALE,39,3.55
400022,CHIARTS HS,HS,Contract,Contract,Traditional,WEST TOWN,25,2.27
400032,CICS - ELLISON HS,HS,Charter,Charter,Traditional,AUBURN GRESHAM,40,3.64
400033,CICS - LONGWOOD,HS,Charter,Charter,Traditional,WASHINGTON HEIGHTS,31,2.82
400034,CICS - NORTHTOWN HS,HS,Charter,Charter,Traditional,NORTH PARK,27,2.45
400035,CHICAGO MATH & SCIENCE HS,HS,Charter,Charter,Traditional,ROGERS PARK,28,2.55
400051,NOBLE - NOBLE HS,HS,Charter,Charter,Traditional,WEST TOWN,28,2.55
400052,NOBLE - COMER,HS,Charter,Charter,Traditional,GREATER GRAND CROSSING,35,3.18
400053,NOBLE - GOLDER HS,HS,Charter,Charter,Traditional,WEST TOWN,32,2.91
400054,NOBLE - PRITZKER HS,HS,Charter,Charter,Traditional,HERMOSA,32,2.91
400055,NOBLE - RAUNER HS,HS,Charter,Charter,Traditional,WEST TOWN,32,2.91
400056,NOBLE - ROWE CLARK HS,HS,Charter,Charter,Traditional,HUMBOLDT PARK,42,3.82
400057,NOBLE - UIC HS,HS,Charter,Charter,Traditional,NEAR WEST SIDE,31,2.82
400058,NLCP - CHRISTIANA HS,HS,Charter,Charter,Traditional,NORTH LAWNDALE,47,4.27
400059,NLCP - COLLINS HS,HS,Charter,Charter,Traditional,NORTH LAWNDALE,43,3.91
400061,PERSPECTIVES - LEADERSHIP HS,HS,Charter,Charter,Traditional,CHATHAM,36,3.27
400062,PERSPECTIVES - TECH HS,HS,Charter,Charter,Traditional,CHATHAM,36,3.27
400064,PERSPECTIVES - JOSLIN HS,HS,Charter,Charter,Traditional,NEAR SOUTH SIDE,34,3.09
400066,PERSPECTIVES - MATH & SCI HS,HS,Charter,Charter,Traditional,DOUGLAS,36,3.27
400077,U OF C - WOODLAWN HS,HS,Charter,Charter,Traditional,WOODLAWN,33,3
400085,ACERO - GARCIA HS,HS,Charter,Charter,Traditional,ARCHER HEIGHTS,36,3.27
400086,URBAN PREP - ENGLEWOOD HS,HS,Charter,Charter,Traditional,ENGLEWOOD,46,4.18
400091,CHICAGO TECH HS,HS,Contract,Contract,Traditional,NEAR WEST SIDE,39,3.55
400094,EPIC HS,HS,Charter,Charter,Traditional,SOUTH CHICAGO,41,3.73
400097,NOBLE - BULLS HS,HS,Charter,Charter,Traditional,NEAR WEST SIDE,32,2.91
400098,NOBLE - MUCHIN HS,HS,Charter,Charter,Traditional,LOOP,30,2.73
400104,INSTITUTO - HEALTH,HS,Charter,Charter,Traditional,LOWER WEST SIDE,38,3.45
400105,URBAN PREP - BRONZEVILLE HS,HS,Charter,Charter,Traditional,DOUGLAS,38,3.45
400106,NOBLE - JOHNSON HS,HS,Charter,Charter,Traditional,ENGLEWOOD,43,3.91
400117,NOBLE - HANSBERRY HS,HS,Charter,Charter,Traditional,AUBURN GRESHAM,35,3.18
400118,NOBLE - DRW HS,HS,Charter,Charter,Traditional,NORTH LAWNDALE,43,3.91
400119,LEGAL PREP HS,HS,Charter,Charter,Traditional,WEST GARFIELD PARK,43,3.91
400149,ACERO - SOTO HS,HS,Charter,Charter,Traditional,GAGE PARK,38,3.45
400156,NOBLE - BUTLER HS,HS,Charter,Charter,Traditional,PULLMAN,34,3.09
400157,NOBLE - BAKER HS,HS,Charter,Charter,Traditional,SOUTH CHICAGO,40,3.64
400161,CHICAGO COLLEGIATE,HS,Charter,Charter,Traditional,WEST PULLMAN,39,3.55
400162,INTRINSIC HS,HS,Charter,Charter,Traditional,IRVING PARK,29,2.64
400169,NOBLE - ITW SPEER HS,HS,Charter,Charter,Traditional,BELMONT CRAGIN,31,2.82
400170,NOBLE - ACADEMY HS,HS,Charter,Charter,Traditional,NEAR NORTH SIDE,30,2.73
400172,ASPIRA - BUSINESS & FINANCE HS,HS,Charter,Charter,Traditional,AVONDALE,31,2.82
400179,NOBLE - MANSUETO HS,HS,Charter,Charter,Traditional,BRIGHTON PARK,37,3.36
400181,ART IN MOTION,HS,Charter,Charter,Traditional,SOUTH SHORE,36,3.27
400182,CATALYST MARIA HS,HS,Charter,Charter,Traditional,CHICAGO LAWN,37,3.36
609674,CHICAGO VOCATIONAL HS,HS,Network 17,District,Traditional,AVALON PARK,39,3.55
609676,DUNBAR HS,HS,Network 17,District,Traditional,DOUGLAS,37,3.36
609678,JONES HS,HS,Network 15,District,Traditional,LOOP,11,1
609679,PROSSER HS,HS,Network 15,District,Traditional,BELMONT CRAGIN,33,3
609680,PAYTON HS,HS,Network 15,District,Traditional,NEAR NORTH SIDE,14,1.27
609682,RICHARDS HS,HS,Network 16,District,Traditional,NEW CITY,45,4.09
609691,NORTH-GRAND HS,HS,Network 15,District,Traditional,HUMBOLDT PARK,38,3.45
609692,SIMEON HS,HS,Network 17,District,Traditional,CHATHAM,32,2.91
609693,WESTINGHOUSE HS,HS,Network 15,District,Traditional,HUMBOLDT PARK,25,2.27
609694,HANCOCK HS,HS,Network 15,District,Traditional,CLEARING,25,2.27
609695,AMUNDSEN HS,HS,Network 14,District,Traditional,LINCOLN SQUARE,19,1.73
609698,BOGAN HS,HS,Network 16,District,Traditional,ASHBURN,31,2.82
609704,FARRAGUT HS,HS,Network 16,District,Traditional,SOUTH LAWNDALE,43,3.91
609705,FENGER HS,HS,Network 17,District,Traditional,ROSELAND,39,3.55
609708,FOREMAN HS,HS,Network 14,District,Traditional,PORTAGE PARK,40,3.64
609709,GAGE PARK HS,HS,Network 16,District,Traditional,GAGE PARK,44,4
609710,HARLAN HS,HS,Network 17,District,Traditional,ROSELAND,38,3.45
609712,HIRSCH HS,HS,Network 17,District,Traditional,GREATER GRAND CROSSING,44,4
609713,HYDE PARK HS,HS,Network 17,District,Traditional,WOODLAWN,33,3
609715,KELLY HS,HS,Network 16,District,Traditional,BRIGHTON PARK,37,3.36
609716,KELVYN PARK HS,HS,Network 14,District,Traditional,HERMOSA,38,3.45
609718,KENNEDY HS,HS,Network 16,District,Traditional,GARFIELD RIDGE,24,2.18
609719,LAKE VIEW HS,HS,Network 14,District,Traditional,LAKE VIEW,23,2.09
609720,LANE TECH HS,HS,Network 14,District,Traditional,NORTH CENTER,13,1.18
609722,MANLEY HS,HS,Network 15,District,Traditional,EAST GARFIELD PARK,46,4.18
609723,MARSHALL HS,HS,Network 15,District,Traditional,EAST GARFIELD PARK,40,3.64
609724,MATHER HS,HS,Network 14,District,Traditional,WEST RIDGE,29,2.64
609725,MORGAN PARK HS,HS,Network 16,District,Traditional,MORGAN PARK,25,2.27
609726,BROOKS HS,HS,ISP,District,Traditional,ROSELAND,21,1.91
609727,PHILLIPS HS,HS,Network 17,District,Traditional,DOUGLAS,36,3.27
609728,ROOSEVELT HS,HS,Network 14,District,Traditional,ALBANY PARK,30,2.73
609729,SCHURZ HS,HS,Network 14,District,Traditional,IRVING PARK,31,2.82
609730,SENN HS,HS,Network 14,District,Traditional,EDGEWATER,24,2.18
609732,STEINMETZ HS,HS,Network 14,District,Traditional,BELMONT CRAGIN,34,3.09
609733,SULLIVAN HS,HS,Network 14,District,Traditional,ROGERS PARK,32,2.91
609734,TAFT HS,HS,Network 14,District,Traditional,NORWOOD PARK,15,1.36
609735,TILDEN HS,HS,Network 16,District,Traditional,NEW CITY,45,4.09
609737,VON STEUBEN HS,HS,Network 14,District,Traditional,NORTH PARK,19,1.73
609738,LINCOLN PARK HS,HS,Network 14,District,Traditional,LINCOLN PARK,17,1.55
609739,WASHINGTON HS,HS,Network 17,District,Traditional,EAST SIDE,28,2.55
609740,WELLS HS,HS,Network 15,District,Traditional,WEST TOWN,36,3.27
609741,HUBBARD HS,HS,Network 16,District,Traditional,WEST LAWN,34,3.09
609746,KENWOOD HS,HS,Network 17,District,Traditional,KENWOOD,22,2
609749,NORTHSIDE PREP HS,HS,Network 14,District,Traditional,NORTH PARK,21,1.91
609751,KING HS,HS,Network 17,District,Traditional,KENWOOD,32,2.91
609753,CHICAGO AGRICULTURE HS,HS,ISP,District,Traditional,MOUNT GREENWOOD,26,2.36
609754,CHICAGO MILITARY HS,HS,Network 17,District,Traditional,DOUGLAS,42,3.82
609755,YOUNG HS,HS,Network 15,District,Traditional,NEAR WEST SIDE,12,1.09
609756,CURIE HS,HS,Network 15,District,Traditional,ARCHER HEIGHTS,30,2.73
609759,CLEMENTE HS,HS,Network 15,District,Traditional,WEST TOWN,36,3.27
609760,CARVER MILITARY HS,HS,Network 17,District,Traditional,RIVERDALE,33,3
609761,CORLISS HS,HS,Network 17,District,Traditional,PULLMAN,39,3.55
609762,JULIAN HS,HS,Network 16,District,Traditional,WASHINGTON HEIGHTS,39,3.55
609764,JUAREZ HS,HS,Network 15,District,Traditional,LOWER WEST SIDE,37,3.36
609780,MARINE LEADERSHIP AT AMES HS,HS,Network 14,District,Traditional,LOGAN SQUARE,39,3.55
610244,CLARK HS,HS,ISP,District,Traditional,AUSTIN,38,3.45
610245,DOUGLASS HS,HS,Network 15,District,Traditional,AUSTIN,47,4.27
610304,PHOENIX MILITARY HS,HS,Network 15,District,Traditional,NEAR WEST SIDE,37,3.36
610323,BOWEN HS,HS,Network 17,District,Traditional,SOUTH CHICAGO,45,4.09
610334,RABY HS,HS,Network 15,District,Traditional,EAST GARFIELD PARK,44,4
610340,CHICAGO ACADEMY HS,HS,Network 14,District,Traditional,DUNNING,31,2.82
610357,SPRY HS,HS,Network 16,District,Traditional,SOUTH LAWNDALE,45,4.09
610380,WILLIAMS HS,HS,Network 17,District,Traditional,GRAND BOULEVARD,38,3.45
610381,BRONZEVILLE HS,HS,Network 17,District,Traditional,GRAND BOULEVARD,45,4.09
610383,SOCIAL JUSTICE HS,HS,Network 15,District,Traditional,SOUTH LAWNDALE,45,4.09
610384,INFINITY HS,HS,Network 15,District,Traditional,SOUTH LAWNDALE,37,3.36
610385,MULTICULTURAL ARTS HS,HS,Network 15,District,Traditional,SOUTH LAWNDALE,47,4.27
610389,ORR HS,HS,Network 15,District,Traditional,HUMBOLDT PARK,44,4
610390,RICKOVER MILITARY HS,HS,ISP,District,Traditional,PORTAGE PARK,25,2.27
610391,LINDBLOM HS,HS,Network 16,District,Traditional,WEST ENGLEWOOD,24,2.18
610392,WORLD LANGUAGE HS,HS,Network 15,District,Traditional,SOUTH LAWNDALE,46,4.18
610394,UPLIFT HS,HS,Network 14,District,Traditional,UPTOWN,38,3.45
610402,DEVRY HS,HS,Network 14,District,Traditional,LINCOLN SQUARE,31,2.82
610499,COLLINS STEAM HS,HS,Network 15,District,Traditional,NORTH LAWNDALE,44,4
610513,AIR FORCE HS,HS,Network 16,District,Traditional,ARMOUR SQUARE,37,3.36
610518,AUSTIN CCA HS,HS,Network 15,District,Traditional,AUSTIN,45,4.09
610524,ALCOTT HS,HS,Network 15,District,Traditional,NORTH CENTER,33,3
610529,OGDEN HS,HS,Network 15,District,Traditional,WEST TOWN,25,2.27
610543,SOLORIO HS,HS,Network 15,District,Traditional,GAGE PARK,31,2.82
610547,SOUTH SHORE INTL HS,HS,Network 17,District,Traditional,SOUTH SHORE,31,2.82
610558,GOODE HS,HS,Network 16,District,Traditional,ASHBURN,28,2.55
610561,CRANE MEDICAL HS,HS,Network 15,District,Traditional,NEAR WEST SIDE,34,3.09
610563,BACK OF THE YARDS HS,HS,Network 16,District,Traditional,NEW CITY,33,3
610564,DISNEY II HS,HS,Network 14,District,Traditional,IRVING PARK,23,2.09
610587,DYETT ARTS HS,HS,Network 17,District,Traditional,WASHINGTON PARK,29,2.64
610592,ENGLEWOOD STEM HS,HS,Network 16,District,Traditional,ENGLEWOOD,40,3.64
