cps_school_id,cps_school_name,ncessch,nces_match_score_set,nces_match_score_sort,nces_match_tier,rcdts,isbe_match_score_set,isbe_match_score_sort,isbe_match_tier
400009,GLOBAL CITIZENSHIP,1706035,100,75,review,15-016-2990-25-229C,100,75,review
400011,LOCKE A,1703564,100,40,reject,15-016-2990-25-206C,100,40,reject
400021,CATALYST - CIRCLE ROCK,1705935,100,78.43137254901961,review,15-016-2990-25-228C,100,78.43137254901961,review
400023,CICS - AVALON/SOUTH SHORE,1706507,100,100,auto_accept,15-016-2990-25-252C,100,100,auto_accept
400024,CICS - BASIL,1706488,100,74.07407407407408,review,15-016-2990-25-277C,100,74.07407407407408,review
400025,CICS - BUCKTOWN,1706446,100,78.78787878787878,review,15-016-2990-25-246C,100,78.78787878787878,review
400026,CICS - LOOMIS,1706487,100,59.45945945945945,reject,15-016-2990-25-255C,100,59.45945945945945,reject
400027,CICS - IRVING PARK,1706462,100,82.05128205128204,review,15-016-2990-25-254C,100,82.05128205128204,review
400028,CICS - PRAIRIE,1706498,100,77.41935483870968,review,15-016-2990-25-248C,100,77.41935483870968,review
400029,CICS - WASHINGTON PARK,1706512,85.71428571428571,80,review,15-016-2990-25-249C,85.71428571428571,80,review
400030,CICS - WEST BELDEN,1706475,100,82.05128205128204,review,15-016-2990-25-251C,100,82.05128205128204,review
400031,CICS - WRIGHTWOOD,1706465,100,100,auto_accept,15-016-2990-25-278C,100,100,auto_accept
400039,ERIE,1705797,100,28.57142857142857,reject,15-016-2990-25-219C,100,28.57142857142857,reject
400044,KIPP - ASCEND,1706509,100,52.38095238095239,reject,15-016-2990-25-282C,100,46.808510638297875,reject
400046,LEARN - BUTLER,1706471,100,82.75862068965517,review,15-016-2990-25-283C,100,82.75862068965517,review
400047,LEARN - CAMPBELL,1706502,100,70,review,15-016-2990-25-273C,100,70,review
400048,LEARN - EXCEL,1706457,100,59.45945945945945,reject,15-016-2990-25-272C,100,59.45945945945945,reject
400049,LEGACY,1705799,100,37.5,reject,15-016-2990-25-221C,100,37.5,reject
400050,NAMASTE,1705102,100,41.17647058823529,reject,15-016-2990-25-218C,100,41.17647058823529,reject
400060,PASSAGES,1700590,41.666666666666664,41.666666666666664,reject,15-016-2990-25-2069,41.666666666666664,41.666666666666664,reject
400069,POLARIS,1705919,100,40,reject,15-016-2990-25-226C,100,40,reject
400071,PROVIDENCE ENGLEWOOD,1705885,100,75.47169811320755,review,15-016-2990-25-224C,100,75.47169811320755,review
400075,U OF C - DONOGHUE,1706495,84.61538461538461,68.18181818181819,review,15-016-2990-25-281C,84.61538461538461,68.18181818181819,review
400076,U OF C - NKO,1706495,46.15384615384615,46.15384615384615,reject,15-016-2990-25-281C,46.15384615384615,46.15384615384615,reject
400079,ACERO - ZIZUMBO,1706444,100,65,review,15-016-2990-25-264C,100,41.269841269841265,reject
400080,ACERO - TORRES,1706524,58.8235294117647,45.45454545454546,reject,15-016-2990-25-285C,100,39.34426229508197,reject
400081,ACERO - DE LAS CASAS,1706448,80,62.22222222222222,reject,15-016-2990-25-262C,100,50,reject
400082,ACERO - FUENTES,1706481,100,60.46511627906976,reject,15-016-2990-25-261C,100,41.93548387096774,reject
400084,ACERO - TAMAYO,1706455,100,58.53658536585367,reject,15-016-2990-25-260C,100,42.10526315789473,reject
400089,ACERO - MARQUEZ,1706497,100,59.09090909090908,reject,15-016-2990-25-263C,100,40,reject
400092,CICS - BOND,1706484,100,72,review,15-016-2990-25-280C,100,72,review
400096,ROWE,1706447,100,22.22222222222222,reject,15-016-2990-25-030C,100,22.22222222222222,reject
400101,ACERO - CISNEROS,1706436,100,62.22222222222222,reject,15-016-2990-25-266C,100,43.75,reject
400107,LEARN - SOUTH CHICAGO,1706451,100,76,review,15-016-2990-25-274C,100,76,review
400111,LEARN - PERKINS,1706492,100,60.46511627906976,reject,15-016-2990-25-275C,100,57.77777777777777,reject
400112,ACERO - IDAR,1706505,100,50,reject,15-016-2990-25-284C,100,35.71428571428571,reject
400114,ACERO - SANTIAGO,1706521,100,62.22222222222222,reject,15-016-2990-25-267C,100,43.75,reject
400115,CATALYST - MARIA,1706243,100,71.7948717948718,review,15-016-2990-25-232C,100,71.7948717948718,review
400116,MONTESSORI ENGLEWOOD,1706221,100,78.43137254901961,review,15-016-2990-25-233C,100,78.43137254901961,review
400120,ACERO - CLEMENTE,1706524,100,60.86956521739131,reject,15-016-2990-25-268C,100,42.42424242424242,reject
400146,KIPP - ACADEMY,1706477,100,61.53846153846154,reject,15-016-2990-25-101C,100,61.53846153846154,reject
400151,LEARN - 7,1706457,83.33333333333333,36.36363636363637,reject,15-016-2990-25-272C,83.33333333333333,36.36363636363637,reject
400153,ACERO - BRIGHTON PARK,1706474,100,73.07692307692308,review,15-016-2990-25-270C,100,56.71641791044777,reject
400159,CHRISTOPHER HOUSE,1706311,100,80.95238095238095,review,15-016-2990-25-235C,100,80.95238095238095,review
400163,KIPP - BLOOM,1706510,100,47.61904761904761,reject,15-016-2990-25-103C,100,45.45454545454546,reject
400165,LEARN - MIDDLE,1706443,100,66.66666666666667,review,15-016-2990-25-109C,100,66.66666666666667,review
400167,HORIZON - SOUTHWEST,1706331,100,70.83333333333333,review,15-016-2990-25-240C,100,62.96296296296296,reject
400168,GREAT LAKES,1706328,100,53.65853658536586,reject,15-016-2990-25-241C,100,53.65853658536586,reject
400178,MOVING EVEREST,1706380,100,65.11627906976744,review,15-016-2990-25-244C,100,65.11627906976744,review
400180,KIPP - ONE,1706520,100,66.66666666666667,review,15-016-2990-25-245C,100,30.76923076923077,reject
609772,ADDAMS,1700884,100,50,reject,15-016-2990-25-2051,100,50,reject
609773,TUBMAN,1700763,100,37.5,reject,15-016-2990-25-2052,100,37.5,reject
609774,ALCOTT ES,1706072,80,57.14285714285714,reject,15-016-2990-25-0849,80,57.14285714285714,reject
609777,ARMOUR,1701001,100,50,reject,15-016-2990-25-2058,100,50,reject
609779,ARMSTRONG G,1701181,100,55.00000000000001,reject,15-016-2990-25-2059,100,55.00000000000001,reject
609782,AUDUBON,1700581,100,53.84615384615385,reject,15-016-2990-25-2062,100,53.84615384615385,reject
609786,AVALON PARK,1700582,100,64.70588235294117,reject,15-016-2990-25-2063,100,64.70588235294117,reject
609788,BARNARD,1700585,100,34.14634146341463,reject,15-016-2990-25-2066,100,34.14634146341463,reject
609789,BARRY,1700586,100,45.45454545454546,reject,15-016-2990-25-2067,100,45.45454545454546,reject
609790,BARTON,1700589,100,50,reject,15-016-2990-25-2068,100,50,reject
609791,BASS,1700590,100,40,reject,15-016-2990-25-2069,100,40,reject
609792,BATEMAN,1700591,100,53.84615384615385,reject,15-016-2990-25-2070,100,53.84615384615385,reject
609793,NICHOLSON,1700597,100,48.64864864864865,reject,15-016-2990-25-2072,100,41.860465116279066,reject
609794,EDISON,1704944,100,31.57894736842105,reject,15-016-2990-25-2184,100,31.57894736842105,reject
609795,CLARK ES,1701210,76.92307692307692,55.172413793103445,reject,15-016-2990-25-2700,76.92307692307692,55.172413793103445,reject
609796,BEAUBIEN,1700601,100,57.14285714285714,reject,15-016-2990-25-2078,100,57.14285714285714,reject
609797,BEIDLER,1700603,100,53.84615384615385,reject,15-016-2990-25-2080,100,53.84615384615385,reject
609798,BELDING,1700604,100,53.84615384615385,reject,15-016-2990-25-2081,100,53.84615384615385,reject
609799,BELL,1700605,100,40,reject,15-016-2990-25-2082,100,40,reject
609800,BENNETT,1700607,100,53.84615384615385,reject,15-016-2990-25-2083,100,53.84615384615385,reject
609803,BLAINE,1700610,100,50,reject,15-016-2990-25-2087,100,50,reject
609804,MOSAIC,1700612,100,37.5,reject,15-016-2990-25-2089,100,37.5,reject
609805,JOPLIN,1701156,100,50,reject,15-016-2990-25-2775,100,50,reject
609806,BRADWELL,1700614,100,37.2093023255814,reject,15-016-2990-25-2090,100,37.2093023255814,reject
609807,HAMPTON,1703995,100,33.333333333333336,reject,15-016-2990-25-2916,100,33.333333333333336,reject
609808,HALEY,1700615,100,43.47826086956522,reject,15-016-2990-25-2092,100,43.47826086956522,reject
609809,BRENTANO,1700617,100,37.2093023255814,reject,15-016-2990-25-2094,100,37.2093023255814,reject
609810,BRIDGE,1700618,100,50,reject,15-016-2990-25-2095,100,50,reject
609811,BRIGHT,1700619,100,50,reject,15-016-2990-25-2096,100,50,reject
609812,BROWN W,1700981,83.33333333333333,35.29411764705882,reject,15-016-2990-25-2367,83.33333333333333,35.29411764705882,reject
609813,BROWNELL,1700622,100,57.14285714285714,reject,15-016-2990-25-2098,100,57.14285714285714,reject
609815,BOUCHET,1700623,100,34.14634146341463,reject,15-016-2990-25-2100,100,34.14634146341463,reject
609817,BUDLONG,1700625,100,53.84615384615385,reject,15-016-2990-25-2101,100,53.84615384615385,reject
609818,BURBANK,1700627,100,53.84615384615385,reject,15-016-2990-25-2102,100,53.84615384615385,reject
609819,BURKE,1700629,100,45.45454545454546,reject,15-016-2990-25-2103,100,45.45454545454546,reject
609820,BURLEY,1700632,100,50,reject,15-016-2990-25-2104,100,50,reject
609821,BURNHAM,1700633,100,37.83783783783784,reject,15-016-2990-25-2105,100,37.83783783783784,reject
609827,BURNSIDE,1700635,100,40,reject,15-016-2990-25-2107,100,40,reject
609828,BURR,1700636,100,40,reject,15-016-2990-25-2108,100,40,reject
609829,BURROUGHS,1700637,100,60,reject,15-016-2990-25-2109,100,60,reject
609830,BRUNSON,1700638,100,33.333333333333336,reject,15-016-2990-25-2110,100,33.333333333333336,reject
609832,BYRNE,1700640,100,45.45454545454546,reject,15-016-2990-25-2112,100,45.45454545454546,reject
609833,DAISY BATES,1700641,100,50,reject,15-016-2990-25-2113,100,45.833333333333336,reject
609834,LITTLE VILLAGE,1701608,100,70,review,15-016-2990-25-2896,100,70,review
609835,CAMERON,1700646,100,53.84615384615385,reject,15-016-2990-25-2118,100,53.84615384615385,reject
609836,CANTY,1700647,100,45.45454545454546,reject,15-016-2990-25-2119,100,45.45454545454546,reject
609837,CARNEGIE,1700648,100,57.14285714285714,reject,15-016-2990-25-2120,100,57.14285714285714,reject
609839,CARROLL,1700652,100,53.84615384615385,reject,15-016-2990-25-2122,100,53.84615384615385,reject
609842,CARSON,1705546,100,50,reject,15-016-2990-25-2876,100,50,reject
609844,CARTER,1700653,100,50,reject,15-016-2990-25-2123,100,50,reject
609845,CARVER G,1700671,85.71428571428571,37.2093023255814,reject,15-016-2990-25-0006,85.71428571428571,37.2093023255814,reject
609848,ALDRIDGE,1701168,100,57.14285714285714,reject,15-016-2990-25-2054,100,57.14285714285714,reject
609849,CASSELL,1700655,100,53.84615384615385,reject,15-016-2990-25-2126,100,53.84615384615385,reject
609850,GREELEY,1700805,100,53.84615384615385,reject,15-016-2990-25-2227,100,53.84615384615385,reject
609851,CHALMERS,1700657,100,48.484848484848484,reject,15-016-2990-25-2128,100,48.484848484848484,reject
609852,CHAPPELL,1700658,100,57.14285714285714,reject,15-016-2990-25-2129,100,57.14285714285714,reject
609853,CHASE,1700659,100,45.45454545454546,reject,15-016-2990-25-2130,100,45.45454545454546,reject
609854,CHOPIN,1700697,100,50,reject,15-016-2990-25-2155,100,50,reject
609855,CHRISTOPHER,1704376,100,64.70588235294117,reject,15-016-2990-25-2904,100,64.70588235294117,reject
609856,CLAY,1700661,100,40,reject,15-016-2990-25-2132,100,40,reject
609857,CLEVELAND,1700663,100,60,reject,15-016-2990-25-2133,100,60,reject
609859,CLINTON,1700664,100,53.84615384615385,reject,15-016-2990-25-2134,100,53.84615384615385,reject
609861,CLISSOLD,1700665,100,57.14285714285714,reject,15-016-2990-25-2135,100,57.14285714285714,reject
609862,COLES,1700666,100,31.25,reject,15-016-2990-25-2136,100,31.25,reject
609863,GINSBURG,1700669,100,42.10526315789473,reject,15-016-2990-25-2138,100,42.10526315789473,reject
609864,COOK,1700693,100,17.777777777777782,reject,15-016-2990-25-2139,100,40,reject
609865,JORDAN,1700441,100,35.29411764705882,reject,15-016-2990-25-2889,100,35.29411764705882,reject
609866,COONLEY,1700674,100,53.84615384615385,reject,15-016-2990-25-2141,100,53.84615384615385,reject
609867,COOPER,1700676,100,30.76923076923077,reject,15-016-2990-25-2142,100,30.76923076923077,reject
609869,LANGFORD,1701217,100,53.333333333333336,reject,15-016-2990-25-2704,100,53.333333333333336,reject
609870,CORKERY,1700677,100,53.84615384615385,reject,15-016-2990-25-2145,100,53.84615384615385,reject
609872,PEREZ,1705410,100,45.45454545454546,reject,15-016-2990-25-2864,100,45.45454545454546,reject
609873,CROWN,1700678,100,26.315789473684216,reject,15-016-2990-25-2147,100,26.315789473684216,reject
609874,DIRKSEN,1701174,100,53.84615384615385,reject,15-016-2990-25-2603,100,53.84615384615385,reject
609875,DARWIN,1700679,100,50,reject,15-016-2990-25-2148,100,50,reject
609876,DAVIS N,1700687,100,53.84615384615385,reject,15-016-2990-25-2149,100,53.84615384615385,reject
609879,DAWES,1700689,100,45.45454545454546,reject,15-016-2990-25-2150,100,45.45454545454546,reject
609880,DECATUR,1700692,100,38.888888888888886,reject,15-016-2990-25-2805,100,38.888888888888886,reject
609883,DENEEN,1700691,100,50,reject,15-016-2990-25-2153,100,50,reject
609884,DEVER,1700698,100,45.45454545454546,reject,15-016-2990-25-2158,100,45.45454545454546,reject
609885,DEWEY,1700706,100,27.77777777777778,reject,15-016-2990-25-2159,100,27.77777777777778,reject
609887,DIXON,1700710,100,45.45454545454546,reject,15-016-2990-25-2161,100,45.45454545454546,reject
609891,DOOLITTLE,1705167,100,52.94117647058824,reject,15-016-2990-25-2937,100,52.94117647058824,reject
609893,DORE,1700725,100,40,reject,15-016-2990-25-2167,100,40,reject
609894,DRAKE,1700728,100,45.45454545454546,reject,15-016-2990-25-2169,100,45.45454545454546,reject
609895,TURNER-DREW,1700628,100,50,reject,15-016-2990-25-2826,100,50,reject
609896,DRUMMOND,1700729,100,57.14285714285714,reject,15-016-2990-25-2172,100,57.14285714285714,reject
609897,EARLE,1700738,100,45.45454545454546,reject,15-016-2990-25-2180,100,45.45454545454546,reject
609898,EBERHART,1700739,100,57.14285714285714,reject,15-016-2990-25-2181,100,57.14285714285714,reject
609899,EBINGER,1700741,100,53.84615384615385,reject,15-016-2990-25-2182,100,53.84615384615385,reject
609900,CURTIS,1700650,100,50,reject,15-016-2990-25-2799,100,50,reject
609901,EDGEBROOK,1700743,100,60,reject,15-016-2990-25-2183,100,60,reject
609902,METCALFE,1700675,100,41.02564102564102,reject,15-016-2990-25-2804,100,41.02564102564102,reject
609903,EDWARDS,1700744,100,53.84615384615385,reject,15-016-2990-25-2185,100,53.84615384615385,reject
609904,ELLINGTON,1700748,100,60,reject,15-016-2990-25-2187,100,60,reject
609907,ERICSON,1700752,100,36.8421052631579,reject,15-016-2990-25-2190,100,36.8421052631579,reject
609908,ESMOND,1700753,100,50,reject,15-016-2990-25-2191,100,50,reject
609909,EVERETT,1700755,100,53.84615384615385,reject,15-016-2990-25-2192,100,53.84615384615385,reject
609910,FALCONER,1700759,100,57.14285714285714,reject,15-016-2990-25-2194,100,57.14285714285714,reject
609912,FARNSWORTH,1700764,100,62.5,reject,15-016-2990-25-2198,100,62.5,reject
609917,FERNWOOD,1700770,100,57.14285714285714,reject,15-016-2990-25-2202,100,57.14285714285714,reject
609918,FIELD,1700771,100,45.45454545454546,reject,15-016-2990-25-2203,100,45.45454545454546,reject
609919,FISKE,1700773,100,45.45454545454546,reject,15-016-2990-25-2204,100,45.45454545454546,reject
609920,KANOON,1700787,100,38.70967741935484,reject,15-016-2990-25-2806,100,38.70967741935484,reject
609921,TELPOCHCALLI,1701613,100,66.66666666666667,review,15-016-2990-25-2901,100,66.66666666666667,review
609922,BELMONT-CRAGIN,1704720,100,70,review,15-016-2990-25-2923,100,70,review
609924,FORT DEARBORN,1700774,100,68.42105263157895,review,15-016-2990-25-2206,100,68.42105263157895,review
609925,KELLMAN,1700760,100,35.89743589743589,reject,15-016-2990-25-2892,100,35.89743589743589,reject
609926,FRANKLIN,1700777,100,42.10526315789473,reject,15-016-2990-25-2207,100,42.10526315789473,reject
609927,FOSTER PARK,1701186,100,64.70588235294117,reject,15-016-2990-25-2618,100,64.70588235294117,reject
609928,FARMER,1700778,100,37.5,reject,15-016-2990-25-2209,100,37.5,reject
609929,FULTON,1700780,100,50,reject,15-016-2990-25-2210,100,50,reject
609930,FUNSTON,1700781,100,53.84615384615385,reject,15-016-2990-25-2211,100,53.84615384615385,reject
609933,GALE,1700782,100,25.806451612903224,reject,15-016-2990-25-2212,100,25.806451612903224,reject
609935,GALLISTEL,1700783,100,44.99999999999999,reject,15-016-2990-25-2213,100,44.99999999999999,reject
609937,GARVY,1700784,100,41.666666666666664,reject,15-016-2990-25-2214,100,41.666666666666664,reject
609938,GARY,1700785,100,40,reject,15-016-2990-25-2215,100,40,reject
609939,GILLESPIE,1700816,100,60,reject,15-016-2990-25-2236,100,60,reject
609941,RANDOLPH,1700769,100,57.14285714285714,reject,15-016-2990-25-2807,100,57.14285714285714,reject
609942,GOETHE,1700794,100,50,reject,15-016-2990-25-2220,100,50,reject
609943,OWENS,1700796,100,32.25806451612904,reject,15-016-2990-25-2222,100,32.25806451612904,reject
609944,GRISSOM,1700808,100,53.84615384615385,reject,15-016-2990-25-2622,100,53.84615384615385,reject
609945,GOUDY,1700797,100,34.48275862068966,reject,15-016-2990-25-2223,100,34.48275862068966,reject
609947,GRAHAM ES,1700800,80,55.172413793103445,reject,15-016-2990-25-2224,80,55.172413793103445,reject
609949,GRAY,1700803,100,40,reject,15-016-2990-25-2226,100,40,reject
609950,ORTIZ DE DOMINGUEZ,1701610,100,75,review,15-016-2990-25-2898,100,75,review
609951,ARIEL,1701607,100,30.303030303030297,reject,15-016-2990-25-2895,100,30.303030303030297,reject
609952,GREENE,1700806,100,46.15384615384615,reject,15-016-2990-25-2229,100,46.15384615384615,reject
609954,GREGORY,1700807,100,35,reject,15-016-2990-25-2230,100,35,reject
609955,GRESHAM,1700811,100,53.84615384615385,reject,15-016-2990-25-2231,100,53.84615384615385,reject
609956,GRIMES,1700812,100,50,reject,15-016-2990-25-2232,100,50,reject
609958,GUNSAULUS,1700745,100,42.85714285714286,reject,15-016-2990-25-2811,100,42.85714285714286,reject
609959,HAINES,1700815,100,50,reject,15-016-2990-25-2235,100,50,reject
609960,HALE,1700819,100,40,reject,15-016-2990-25-2239,100,40,reject
609961,NINOS HEROES,1701128,100,57.14285714285714,reject,15-016-2990-25-2823,100,57.14285714285714,reject
609963,HAMILTON,1700822,100,57.14285714285714,reject,15-016-2990-25-2240,100,57.14285714285714,reject
609964,HAMLINE,1700823,100,53.84615384615385,reject,15-016-2990-25-2241,100,53.84615384615385,reject
609966,HAMMOND,1700824,100,53.84615384615385,reject,15-016-2990-25-2242,100,53.84615384615385,reject
609967,FINKL,1701351,100,45.45454545454546,reject,15-016-2990-25-2893,100,45.45454545454546,reject
609968,MCAULIFFE,1705547,100,60,reject,15-016-2990-25-2877,100,60,reject
609969,HARTE,1700826,100,37.03703703703704,reject,15-016-2990-25-2244,100,37.03703703703704,reject
609971,HARVARD,1700830,100,53.84615384615385,reject,15-016-2990-25-2246,100,53.84615384615385,reject
609972,HAUGAN,1706516,100,35.29411764705882,reject,15-016-2990-25-110C,100,35.29411764705882,reject
609973,ZAPATA,1701609,100,48,reject,15-016-2990-25-2897,100,48,reject
609974,HAWTHORNE,1700832,100,42.85714285714286,reject,15-016-2990-25-2249,100,42.85714285714286,reject
609975,HAY,1701193,100,20.68965517241379,reject,15-016-2990-25-2636,100,20.68965517241379,reject
609976,HAYT,1700834,100,40,reject,15-016-2990-25-2252,100,40,reject
609977,WOODLAWN,1706493,100,43.24324324324324,reject,15-016-2990-25-107C,100,43.24324324324324,reject
609978,SMITH,1700928,100,41.666666666666664,reject,15-016-2990-25-2768,100,41.666666666666664,reject
609979,HEALY,1700835,100,45.45454545454546,reject,15-016-2990-25-2254,100,45.45454545454546,reject
609981,HEARST,1700836,100,50,reject,15-016-2990-25-2255,100,50,reject
609983,HEDGES,1700837,100,50,reject,15-016-2990-25-2256,100,50,reject
609985,HEFFERAN,1700840,100,57.14285714285714,reject,15-016-2990-25-2257,100,57.14285714285714,reject
609986,HENDERSON,1700842,100,60,reject,15-016-2990-25-2258,100,60,reject
609987,HENDRICKS,1700817,100,43.90243902439024,reject,15-016-2990-25-2259,100,43.90243902439024,reject
609988,HENRY,1700844,100,45.45454545454546,reject,15-016-2990-25-2260,100,45.45454545454546,reject
609990,SOUTH LOOP,1705268,100,62.5,reject,15-016-2990-25-2855,100,62.5,reject
609991,HERZL,1700847,100,45.45454545454546,reject,15-016-2990-25-2263,100,45.45454545454546,reject
609993,LARA,1701612,100,38.095238095238095,reject,15-016-2990-25-2900,100,38.095238095238095,reject
609994,HIBBARD,1700854,100,53.84615384615385,reject,15-016-2990-25-2265,100,53.84615384615385,reject
609995,HITCH,1700857,100,45.45454545454546,reject,15-016-2990-25-2268,100,45.45454545454546,reject
609996,HOLDEN,1700858,100,50,reject,15-016-2990-25-2269,100,50,reject
609997,HOLMES,1700861,100,50,reject,15-016-2990-25-2270,100,50,reject
610000,HOWE,1700862,100,40,reject,15-016-2990-25-2273,100,40,reject
610002,HOYNE,1700864,100,45.45454545454546,reject,15-016-2990-25-2275,100,45.45454545454546,reject
610003,CUFFE,1701183,100,27.027027027027028,reject,15-016-2990-25-2617,100,27.027027027027028,reject
610004,CULLEN,1701194,100,50,reject,15-016-2990-25-2637,100,50,reject
610005,HUGHES C,1700865,100,57.14285714285714,reject,15-016-2990-25-2276,100,57.14285714285714,reject
610006,HURLEY,1700866,100,50,reject,15-016-2990-25-2280,100,50,reject
610009,GALILEO,1705548,100,33.333333333333336,reject,15-016-2990-25-2878,100,33.333333333333336,reject
610010,JAHN,1700869,100,40,reject,15-016-2990-25-2284,100,40,reject
610011,JAMIESON,1700870,100,57.14285714285714,reject,15-016-2990-25-2285,100,57.14285714285714,reject
610013,PILSEN,1700878,100,34.285714285714285,reject,15-016-2990-25-2289,100,34.285714285714285,reject
610015,JUNGMAN,1700881,100,35,reject,15-016-2990-25-2292,100,27.450980392156865,reject
610016,KELLOGG,1700882,100,53.84615384615385,reject,15-016-2990-25-2293,100,53.84615384615385,reject
610017,SAUCEDO,1704917,100,40,reject,15-016-2990-25-2829,100,34.14634146341463,reject
610019,KERSHAW,1700883,100,53.84615384615385,reject,15-016-2990-25-2294,100,53.84615384615385,reject
610021,CASALS,1705303,100,50,reject,15-016-2990-25-2862,100,50,reject
610022,KILMER,1700886,100,50,reject,15-016-2990-25-2296,100,50,reject
610024,CARDENAS,1701099,100,57.14285714285714,reject,15-016-2990-25-2783,100,57.14285714285714,reject
610026,KINZIE,1700890,100,50,reject,15-016-2990-25-2299,100,50,reject
610027,KIPLING,1700892,100,53.84615384615385,reject,15-016-2990-25-2300,100,53.84615384615385,reject
610029,LOZANO,1700901,100,30.000000000000004,reject,15-016-2990-25-2303,100,30.000000000000004,reject
610030,KOZMINSKI,1700903,100,43.90243902439024,reject,15-016-2990-25-2304,100,43.90243902439024,reject
610032,GREEN,1701209,100,41.666666666666664,reject,15-016-2990-25-2048,100,41.666666666666664,reject
610033,LASALLE,1700905,100,38.888888888888886,reject,15-016-2990-25-2306,100,38.888888888888886,reject
610034,LAWNDALE,1700907,100,41.02564102564102,reject,15-016-2990-25-2309,100,41.02564102564102,reject
610036,LEWIS,1700911,100,45.45454545454546,reject,15-016-2990-25-2311,100,45.45454545454546,reject
610037,LIBBY,1700916,100,45.45454545454546,reject,15-016-2990-25-2313,100,45.45454545454546,reject
610038,LINCOLN,1700918,100,53.84615384615385,reject,15-016-2990-25-2314,100,53.84615384615385,reject
610039,VON LINNE,1700919,71.42857142857143,53.84615384615385,reject,15-016-2990-25-2315,71.42857142857143,53.84615384615385,reject
610040,LLOYD,1700926,100,45.45454545454546,reject,15-016-2990-25-2316,100,45.45454545454546,reject
610041,LOCKE J,1700927,100,53.84615384615385,reject,15-016-2990-25-2317,100,53.84615384615385,reject
610043,LOVETT,1700929,100,50,reject,15-016-2990-25-2319,100,50,reject
610044,LOWELL,1700930,100,50,reject,15-016-2990-25-2321,100,50,reject
610046,LYON,1700934,100,40,reject,15-016-2990-25-2323,100,40,reject
610047,MADISON,1700935,100,53.84615384615385,reject,15-016-2990-25-2324,100,53.84615384615385,reject
610048,MANIERRE,1700936,100,57.14285714285714,reject,15-016-2990-25-2326,100,57.14285714285714,reject
610051,NORTHWEST,1703567,100,56.25,reject,15-016-2990-25-2915,100,56.25,reject
610052,MANN,1700937,100,40,reject,15-016-2990-25-2328,100,40,reject
610053,MARQUETTE,1700940,100,60,reject,15-016-2990-25-2330,100,60,reject
610054,MARSH,1700939,100,45.45454545454546,reject,15-016-2990-25-2331,100,45.45454545454546,reject
610055,FARADAY,1700762,100,53.84615384615385,reject,15-016-2990-25-2195,100,53.84615384615385,reject
610056,MASON,1700944,100,45.45454545454546,reject,15-016-2990-25-2334,100,45.45454545454546,reject
610057,FAIRFIELD,1702631,100,58.06451612903225,reject,15-016-2990-25-2913,100,58.06451612903225,reject
610059,MAYER,1700950,100,45.45454545454546,reject,15-016-2990-25-2337,100,45.45454545454546,reject
610060,CHICAGO WORLD LANGUAGE ACADEMY,1700868,100,100,auto_accept,15-016-2990-25-2283,100,100,auto_accept
610062,MIÑOSO,1700862,45.45454545454545,45.45454545454546,reject,15-016-2990-25-2273,45.45454545454545,45.45454545454546,reject
610063,MCCORMICK,1700955,100,60,reject,15-016-2990-25-2341,100,60,reject
610065,TILL,1701165,100,21.052631578947366,reject,15-016-2990-25-2766,100,21.052631578947366,reject
610066,MCDADE,1700957,100,35.29411764705882,reject,15-016-2990-25-2345,100,35.29411764705882,reject
610067,MCKAY,1700958,100,45.45454545454546,reject,15-016-2990-25-2346,100,45.45454545454546,reject
610068,HANSON PARK,1700720,100,64.70588235294117,reject,15-016-2990-25-2726,100,64.70588235294117,reject
610070,MCPHERSON,1700959,100,60,reject,15-016-2990-25-2349,100,60,reject
610073,MITCHELL,1700965,100,57.14285714285714,reject,15-016-2990-25-2353,100,57.14285714285714,reject
610074,LOGAN SQUARE,1700968,100,68.57142857142857,review,15-016-2990-25-2355,100,68.57142857142857,review
610076,MOOS,1700969,100,40,reject,15-016-2990-25-2356,100,40,reject
610077,MORRILL,1700970,100,35.89743589743589,reject,15-016-2990-25-2357,100,35.89743589743589,reject
610078,INTER-AMERICAN,1700971,100,59.57446808510638,reject,15-016-2990-25-2358,100,59.57446808510638,reject
610081,SHERIDAN,1701083,100,37.2093023255814,reject,15-016-2990-25-2451,100,37.2093023255814,reject
610082,MOUNT GREENWOOD,1700974,100,66.66666666666667,review,15-016-2990-25-2361,100,66.66666666666667,review
610084,KELLER,1700860,100,31.57894736842105,reject,15-016-2990-25-2739,100,31.57894736842105,reject
610086,MOUNT VERNON,1700978,100,60,reject,15-016-2990-25-2362,100,60,reject
610088,MOZART,1700979,100,50,reject,15-016-2990-25-2363,100,50,reject
610089,MURPHY,1700983,100,50,reject,15-016-2990-25-2365,100,50,reject
610090,MURRAY,1700984,100,35.29411764705882,reject,15-016-2990-25-2366,100,35.29411764705882,reject
610091,BROWN R,1700981,100,41.17647058823529,reject,15-016-2990-25-2367,100,41.17647058823529,reject
610092,NASH,1700985,100,40,reject,15-016-2990-25-2368,100,40,reject
610093,NEIL,1700987,100,40,reject,15-016-2990-25-2369,100,40,reject
610094,NETTELHORST,1700988,100,64.70588235294117,reject,15-016-2990-25-2370,100,64.70588235294117,reject
610095,NEWBERRY,1700991,100,37.2093023255814,reject,15-016-2990-25-2371,100,37.2093023255814,reject
610096,NIGHTINGALE,1700992,100,64.70588235294117,reject,15-016-2990-25-2373,100,64.70588235294117,reject
610097,NIXON,1700994,100,45.45454545454546,reject,15-016-2990-25-2374,100,45.45454545454546,reject
610098,NOBEL,1700996,100,45.45454545454546,reject,15-016-2990-25-2375,100,45.45454545454546,reject
610099,NORWOOD PARK,1700997,100,66.66666666666667,review,15-016-2990-25-2376,100,66.66666666666667,review
610100,WEST PARK,1702042,100,58.06451612903225,reject,15-016-2990-25-2908,100,58.06451612903225,reject
610101,OGDEN ES,1701003,76.92307692307692,56.00000000000001,reject,15-016-2990-25-2380,76.92307692307692,56.00000000000001,reject
610102,OGLESBY,1701004,100,53.84615384615385,reject,15-016-2990-25-2381,100,53.84615384615385,reject
610103,OKEEFFE,1701005,100,53.84615384615385,reject,15-016-2990-25-2382,100,53.84615384615385,reject
610104,ONAHAN,1701009,100,50,reject,15-016-2990-25-2383,100,50,reject
610105,ORIOLE PARK,1701010,100,64.70588235294117,reject,15-016-2990-25-2384,100,64.70588235294117,reject
610106,PICCOLO,1701011,100,38.888888888888886,reject,15-016-2990-25-2385,100,38.888888888888886,reject
610107,OTIS,1701012,100,40,reject,15-016-2990-25-2386,100,40,reject
610108,OTOOLE,1701013,100,50,reject,15-016-2990-25-2387,100,50,reject
610109,OWEN,1701015,100,25,reject,15-016-2990-25-2389,100,25,reject
610110,WELLS ES,1701192,76.92307692307692,37.2093023255814,reject,15-016-2990-25-0049,76.92307692307692,37.2093023255814,reject
610111,PALMER,1701017,100,50,reject,15-016-2990-25-2391,100,50,reject
610112,PARKER,1701019,100,34.285714285714285,reject,15-016-2990-25-2392,100,34.285714285714285,reject
610115,PARK MANOR,1701021,100,62.5,reject,15-016-2990-25-2394,100,62.5,reject
610116,PARKSIDE,1701022,100,41.02564102564102,reject,15-016-2990-25-2395,100,41.02564102564102,reject
610117,PASTEUR,1701023,100,53.84615384615385,reject,15-016-2990-25-2396,100,53.84615384615385,reject
610120,PECK,1701025,100,40,reject,15-016-2990-25-2398,100,40,reject
610121,IRVING,1706462,100,41.379310344827594,reject,15-016-2990-25-254C,100,41.379310344827594,reject
610122,PEIRCE,1701027,100,32.432432432432435,reject,15-016-2990-25-2399,100,32.432432432432435,reject
610123,PENN,1701028,100,40,reject,15-016-2990-25-2400,100,40,reject
610124,WASHINGTON H ES,1701031,88.88888888888889,71.7948717948718,review,15-016-2990-25-2401,88.88888888888889,71.7948717948718,review
610125,RUIZ,1705413,100,40,reject,15-016-2990-25-2867,100,40,reject
610126,PERSHING,1701032,100,39.02439024390244,reject,15-016-2990-25-2402,100,34.04255319148937,reject
610127,PETERSON,1701033,100,57.14285714285714,reject,15-016-2990-25-2403,100,57.14285714285714,reject
610128,GARVEY,1700712,100,46.15384615384615,reject,15-016-2990-25-2773,100,46.15384615384615,reject
610129,PICKARD,1701034,100,53.84615384615385,reject,15-016-2990-25-2404,100,53.84615384615385,reject
610130,PIRIE,1701036,100,25,reject,15-016-2990-25-2405,100,25,reject
610131,PLAMONDON,1701037,100,60,reject,15-016-2990-25-2406,100,60,reject
610132,POE,1700888,100,21.42857142857143,reject,15-016-2990-25-2809,100,21.42857142857143,reject
610133,WARD L,1701212,100,50,reject,15-016-2990-25-2767,100,50,reject
610135,PORTAGE PARK,1701039,100,66.66666666666667,review,15-016-2990-25-2409,100,66.66666666666667,review
610136,PRESCOTT,1701040,100,57.14285714285714,reject,15-016-2990-25-2410,100,57.14285714285714,reject
610137,PRUSSING,1701043,100,57.14285714285714,reject,15-016-2990-25-2412,100,57.14285714285714,reject
610138,PULASKI,1701045,100,41.17647058823529,reject,15-016-2990-25-2413,100,41.17647058823529,reject
610139,PULLMAN,1701046,100,53.84615384615385,reject,15-016-2990-25-2414,100,53.84615384615385,reject
610141,RAVENSWOOD,1701050,100,62.5,reject,15-016-2990-25-2416,100,62.5,reject
610142,RAY,1701047,100,33.333333333333336,reject,15-016-2990-25-2417,100,33.333333333333336,reject
610143,REAVIS,1701052,100,30.000000000000004,reject,15-016-2990-25-2419,100,30.000000000000004,reject
610144,REILLY,1701054,100,50,reject,15-016-2990-25-2421,100,50,reject
610145,REINBERG,1701055,100,57.14285714285714,reject,15-016-2990-25-2422,100,57.14285714285714,reject
610146,REVERE,1701056,100,50,reject,15-016-2990-25-2423,100,50,reject
610147,ROGERS,1701059,100,50,reject,15-016-2990-25-2426,100,50,reject
610148,CHAVEZ,1700411,100,30.76923076923077,reject,15-016-2990-25-2886,100,30.76923076923077,reject
610152,RUGGLES,1701064,100,53.84615384615385,reject,15-016-2990-25-2428,100,53.84615384615385,reject
610153,RYDER,1701065,100,25,reject,15-016-2990-25-2429,100,25,reject
610155,SAUGANASH,1701067,100,60,reject,15-016-2990-25-2434,100,60,reject
610157,SAWYER,1701068,100,50,reject,15-016-2990-25-2435,100,50,reject
610158,SAYRE,1701070,100,31.25,reject,15-016-2990-25-2436,100,31.25,reject
610159,SCAMMON,1701073,100,53.84615384615385,reject,15-016-2990-25-2438,100,53.84615384615385,reject
610165,SCHUBERT,1701079,100,57.14285714285714,reject,15-016-2990-25-2444,100,57.14285714285714,reject
610167,SEWARD,1701080,100,30.76923076923077,reject,15-016-2990-25-2446,100,30.76923076923077,reject
610170,COLUMBIA EXPLORERS,1704277,100,73.46938775510203,review,15-016-2990-25-2919,100,73.46938775510203,review
610171,MIRELES,1701084,100,51.85185185185186,reject,15-016-2990-25-2452,100,51.85185185185186,reject
610172,SHERMAN,1701085,100,53.84615384615385,reject,15-016-2990-25-2453,100,53.84615384615385,reject
610173,SHERWOOD,1701087,100,57.14285714285714,reject,15-016-2990-25-2454,100,57.14285714285714,reject
610174,SHIELDS,1701092,100,53.84615384615385,reject,15-016-2990-25-2455,100,53.84615384615385,reject
610175,SHOESMITH,1701094,100,60,reject,15-016-2990-25-2456,100,60,reject
610176,SHOOP,1701095,100,27.027027027027028,reject,15-016-2990-25-2457,100,27.027027027027028,reject
610177,SKINNER,1701096,100,53.84615384615385,reject,15-016-2990-25-2458,100,53.84615384615385,reject
610178,SCHMID,1701077,100,50,reject,15-016-2990-25-2442,100,50,reject
610179,SMYSER,1701097,100,50,reject,15-016-2990-25-2459,100,50,reject
610180,SMYTH,1701098,100,41.666666666666664,reject,15-016-2990-25-2460,100,41.666666666666664,reject
610182,SOLOMON,1701100,100,53.84615384615385,reject,15-016-2990-25-2461,100,53.84615384615385,reject
610183,SPENCER,1701101,100,35.89743589743589,reject,15-016-2990-25-2462,100,35.89743589743589,reject
610184,SPRY ES,1705677,72.72727272727272,30.76923076923077,reject,15-016-2990-25-0818,72.72727272727272,30.76923076923077,reject
610185,STEVENSON,1701103,100,60,reject,15-016-2990-25-2465,100,60,reject
610188,DUNNE,1700734,100,28.57142857142857,reject,15-016-2990-25-2177,100,28.57142857142857,reject
610191,STONE,1701105,100,29.411764705882348,reject,15-016-2990-25-2468,100,29.411764705882348,reject
610192,STOWE,1701109,100,45.45454545454546,reject,15-016-2990-25-2472,100,45.45454545454546,reject
610193,NEW SULLIVAN,1701116,80,62.5,reject,15-016-2990-25-2474,80,62.5,reject
610194,SUMNER,1701117,100,30.000000000000004,reject,15-016-2990-25-2475,100,30.000000000000004,reject
610195,SUTHERLAND,1701118,100,62.5,reject,15-016-2990-25-2476,100,62.5,reject
610196,SWIFT,1701119,100,31.25,reject,15-016-2990-25-2477,100,31.25,reject
610197,TALCOTT,1700964,100,53.84615384615385,reject,15-016-2990-25-2478,100,53.84615384615385,reject
610198,TAYLOR,1701120,100,50,reject,15-016-2990-25-2480,100,50,reject
610199,COLEMON,1704016,100,48.275862068965516,reject,15-016-2990-25-2918,100,48.275862068965516,reject
610200,THORP J,1701122,100,50,reject,15-016-2990-25-2484,100,50,reject
610201,THORP O,1701123,100,37.83783783783784,reject,15-016-2990-25-2486,100,37.83783783783784,reject
610202,TILTON,1701124,100,50,reject,15-016-2990-25-2487,100,50,reject
610203,MONARCAS,1701127,100,66.66666666666667,review,15-016-2990-25-2488,100,66.66666666666667,review
610206,TWAIN,1701130,100,45.45454545454546,reject,15-016-2990-25-2490,100,45.45454545454546,reject
610207,VANDERPOEL,1701131,100,51.28205128205128,reject,15-016-2990-25-2491,100,51.28205128205128,reject
610208,LAVIZZO,1701135,100,53.84615384615385,reject,15-016-2990-25-2492,100,53.84615384615385,reject
610209,VOLTA,1701138,100,45.45454545454546,reject,15-016-2990-25-2494,100,45.45454545454546,reject
610212,ALBANY PARK,1704962,100,53.65853658536586,reject,15-016-2990-25-2850,100,53.65853658536586,reject
610213,WADSWORTH,1701144,100,60,reject,15-016-2990-25-2498,100,60,reject
610215,MADERO,1704915,100,46.15384615384615,reject,15-016-2990-25-2838,100,46.15384615384615,reject
610216,WALSH,1701136,100,45.45454545454546,reject,15-016-2990-25-2500,100,45.45454545454546,reject
610217,WARD J,1701143,100,50,reject,15-016-2990-25-2501,100,50,reject
610218,WARREN,1701166,100,50,reject,15-016-2990-25-2502,100,50,reject
610219,WASHINGTON G ES,1701145,88.88888888888889,71.7948717948718,review,15-016-2990-25-2503,88.88888888888889,71.7948717948718,review
610220,WATERS,1701147,100,50,reject,15-016-2990-25-2504,100,50,reject
610221,WEBSTER,1701148,100,53.84615384615385,reject,15-016-2990-25-2505,100,53.84615384615385,reject
610223,WENTWORTH,1701150,100,60,reject,15-016-2990-25-2506,100,60,reject
610225,WHISTLER,1701155,100,57.14285714285714,reject,15-016-2990-25-2512,100,57.14285714285714,reject
610226,SANDOVAL,1703566,100,57.14285714285714,reject,15-016-2990-25-2914,100,57.14285714285714,reject
610227,WHITNEY,1701157,100,53.84615384615385,reject,15-016-2990-25-2513,100,53.84615384615385,reject
610228,WHITTIER,1701159,100,57.14285714285714,reject,15-016-2990-25-2514,100,57.14285714285714,reject
610229,PRITZKER,1706452,100,41.02564102564102,reject,15-016-2990-25-028C,100,37.2093023255814,reject
610230,WILDWOOD,1700898,100,57.14285714285714,reject,15-016-2990-25-2516,100,57.14285714285714,reject
610231,NATIONAL TEACHERS,1704722,100,72.34042553191489,review,15-016-2990-25-2924,100,72.34042553191489,review
610234,YATES,1701176,100,45.45454545454546,reject,15-016-2990-25-2542,100,45.45454545454546,reject
610235,YOUNG ES,1704383,76.92307692307692,29.166666666666664,reject,15-016-2990-25-2525,76.92307692307692,64,reject
610237,BEETHOVEN,1700602,100,60,reject,15-016-2990-25-2079,100,60,reject
610238,BOND,1700611,100,40,reject,15-016-2990-25-2088,100,40,reject
610239,DALEY,1704913,100,43.47826086956522,reject,15-016-2990-25-2837,100,43.47826086956522,reject
610242,BRENNEMANN,1700616,100,62.5,reject,15-016-2990-25-2093,100,62.5,reject
610246,BEASLEY,1700668,100,35.89743589743589,reject,15-016-2990-25-2800,100,35.89743589743589,reject
610248,CHICAGO ACADEMY ES,1704286,90.9090909090909,80,review,15-016-2990-25-2920,90.9090909090909,80,review
610249,TALMAN,1704726,100,50,reject,15-016-2990-25-2926,100,50,reject
610250,SALAZAR,1701215,100,38.888888888888886,reject,15-016-2990-25-2706,100,38.888888888888886,reject
610251,CATHER,1700656,100,50,reject,15-016-2990-25-2127,100,50,reject
610252,DETT,1700695,100,40,reject,15-016-2990-25-2154,100,40,reject
610254,DVORAK,1700737,100,32.432432432432435,reject,15-016-2990-25-2179,100,32.432432432432435,reject
610256,ROBINSON,1700694,100,57.14285714285714,reject,15-016-2990-25-2724,100,57.14285714285714,reject
610257,MORTON,1704956,100,37.5,reject,15-016-2990-25-2844,100,37.5,reject
610263,DULLES,1700682,100,50,reject,15-016-2990-25-2175,100,50,reject
610268,ASHE,1701071,100,40,reject,15-016-2990-25-2437,100,40,reject
610269,MCCUTCHEON,1700956,100,62.5,reject,15-016-2990-25-2344,100,62.5,reject
610271,JENSEN,1700875,100,33.333333333333336,reject,15-016-2990-25-2288,100,33.333333333333336,reject
610274,JOHNSON,1700880,100,45.16129032258065,reject,15-016-2990-25-2290,100,45.16129032258065,reject
610276,MOLLISON,1700966,100,57.14285714285714,reject,15-016-2990-25-2354,100,57.14285714285714,reject
610279,TANNER,1701044,100,50,reject,15-016-2990-25-2479,100,50,reject
610281,POWELL,1701213,100,31.57894736842105,reject,15-016-2990-25-2785,100,31.57894736842105,reject
610282,MCNAIR,1701191,100,50,reject,15-016-2990-25-2634,100,50,reject
610284,NEW FIELD,1705687,100,60,reject,15-016-2990-25-2930,100,60,reject
610287,ASHBURN,1704718,100,38.888888888888886,reject,15-016-2990-25-2922,100,38.888888888888886,reject
610290,MAYS,1700651,100,38.095238095238095,reject,15-016-2990-25-2802,100,38.095238095238095,reject
610291,LEE,1701214,100,33.333333333333336,reject,15-016-2990-25-2703,100,33.333333333333336,reject
610293,MELODY,1700963,100,50,reject,15-016-2990-25-2352,100,50,reject
610295,HIGGINS,1700855,100,37.83783783783784,reject,15-016-2990-25-2266,100,37.83783783783784,reject
610298,LENART,1705269,100,32.432432432432435,reject,15-016-2990-25-2856,100,32.432432432432435,reject
610299,KING ES,1700856,72.72727272727272,37.83783783783784,reject,15-016-2990-25-2267,72.72727272727272,37.83783783783784,reject
610300,WESTCOTT,1701151,100,57.14285714285714,reject,15-016-2990-25-2507,100,57.14285714285714,reject
610305,LELAND,1700730,100,50,reject,15-016-2990-25-2714,100,50,reject
610312,MCDOWELL,1700839,100,57.14285714285714,reject,15-016-2990-25-2737,100,57.14285714285714,reject
610313,DE DIEGO,1700643,100,41.02564102564102,reject,15-016-2990-25-2825,100,41.02564102564102,reject
610315,WHITE,1700801,100,33.333333333333336,reject,15-016-2990-25-2729,100,33.333333333333336,reject
610316,EARHART,1700859,100,35,reject,15-016-2990-25-2743,100,35,reject
610317,BRIGHTON PARK,1706474,100,56.52173913043479,reject,15-016-2990-25-270C,100,42.622950819672134,reject
610319,EVERGREEN,1705489,100,47.36842105263158,reject,15-016-2990-25-2873,100,47.36842105263158,reject
610325,AVONDALE-LOGANDALE,1700048,100,80,review,15-016-2990-25-2881,100,66.66666666666667,review
610329,OROZCO,1704954,100,30.000000000000004,reject,15-016-2990-25-2842,100,30.000000000000004,reject
610339,STAGG,1701102,100,45.45454545454546,reject,15-016-2990-25-2464,100,45.45454545454546,reject
610342,SABIN,1704916,100,34.48275862068966,reject,15-016-2990-25-2828,100,34.48275862068966,reject
610345,WOODSON,1701163,100,43.75,reject,15-016-2990-25-2521,100,43.75,reject
610347,CLAREMONT,1705109,100,48.64864864864865,reject,15-016-2990-25-2936,100,37.5,reject
610350,BLACK,1700609,100,34.48275862068966,reject,15-016-2990-25-2086,100,34.48275862068966,reject
610352,DURKIN PARK,1705690,100,64.70588235294117,reject,15-016-2990-25-2933,100,64.70588235294117,reject
610353,CALMECA,1705691,100,45.16129032258065,reject,15-016-2990-25-2934,100,45.16129032258065,reject
610354,NORTH RIVER,1705692,100,64.70588235294117,reject,15-016-2990-25-2935,100,64.70588235294117,reject
610355,COURTENAY,1700914,100,43.90243902439024,reject,15-016-2990-25-2921,100,43.90243902439024,reject
610362,EVERS,1700757,100,45.45454545454546,reject,15-016-2990-25-2193,100,45.45454545454546,reject
610363,DISNEY,1700709,100,38.70967741935484,reject,15-016-2990-25-2160,100,38.70967741935484,reject
610364,DUBOIS,1700731,100,50,reject,15-016-2990-25-2173,100,50,reject
610366,WACKER,1701141,100,50,reject,15-016-2990-25-2497,100,50,reject
610367,DEPRIEST,1701177,100,57.14285714285714,reject,15-016-2990-25-2605,100,57.14285714285714,reject
610368,HUGHES L,1700899,100,57.14285714285714,reject,15-016-2990-25-2620,100,57.14285714285714,reject
610369,JACKSON M,1701091,100,60,reject,15-016-2990-25-2046,100,60,reject
610396,TARKINGTON,1705803,100,62.5,reject,15-016-2990-25-2943,100,62.5,reject
610405,SUDER,1705801,100,26.315789473684216,reject,15-016-2990-25-2941,100,26.315789473684216,reject
610503,FRAZIER PROSPECTIVE,1705930,73.46938775510205,73.46938775510203,reject,15-016-2990-25-2945,73.46938775510205,73.46938775510203,reject
610515,DISNEY II ES,1706036,85.71428571428571,66.66666666666667,review,15-016-2990-25-2949,85.71428571428571,66.66666666666667,review
610520,LASALLE II,1705979,100,51.28205128205128,reject,15-016-2990-25-2955,100,51.28205128205128,reject
610521,DAVIS M,1706006,100,42.42424242424242,reject,15-016-2990-25-2954,100,42.42424242424242,reject
610523,EDISON PARK,1705985,100,64.70588235294117,reject,15-016-2990-25-2953,100,64.70588235294117,reject
610530,SOUTH SHORE ES,1706507,88,70.27027027027026,review,15-016-2990-25-252C,88,70.27027027027026,review
610532,HERNANDEZ,1706091,100,56.25,reject,15-016-2990-25-2597,100,56.25,reject
610533,PRIETO,1706067,100,35.29411764705882,reject,15-016-2990-25-2958,100,35.29411764705882,reject
610534,SKINNER NORTH,1706081,100,74.28571428571429,review,15-016-2990-25-2959,100,74.28571428571429,review
610539,CAMRAS,1706149,100,50,reject,15-016-2990-25-2963,100,50,reject
610541,LORCA,1706139,100,34.48275862068966,reject,15-016-2990-25-2964,100,34.48275862068966,reject
610542,WEST RIDGE,1706108,100,62.5,reject,15-016-2990-25-2965,100,62.5,reject
610544,AZUELA,1706131,100,50,reject,15-016-2990-25-2966,100,50,reject
610548,STEM,1706725,100,26.66666666666667,reject,15-016-2990-25-2936,100,18.6046511627907,reject
610559,SHIELDS MIDDLE,1706207,100,80,review,15-016-2990-25-2968,100,80,review
610586,SADLOWSKI,1706399,100,50,reject,15-016-2990-25-2969,100,50,reject
610588,RICHARDSON,1706398,100,58.82352941176471,reject,15-016-2990-25-2970,100,58.82352941176471,reject
610589,SOR JUANA,1706508,100,44.99999999999999,reject,15-016-2990-25-049C,100,29.032258064516125,reject
610590,BRONZEVILLE CLASSICAL,1706590,100,82.35294117647058,review,15-016-2990-25-2972,100,70,review
400013,ASPIRA - EARLY COLLEGE HS,1705075,81.48148148148148,50,reject,15-016-2990-25-074C,100,83.11688311688312,review
400022,CHIARTS HS,1706103,81.81818181818181,77.27272727272727,review,15-016-2990-25-012C,81.81818181818181,77.27272727272727,review
400032,CICS - ELLISON HS,1705075,81.48148148148148,55.00000000000001,reject,15-016-2990-25-0826,81.48148148148148,55.00000000000001,reject
400033,CICS - LONGWOOD,1706438,100,78.78787878787878,review,15-016-2990-25-247C,100,78.78787878787878,review
400034,CICS - NORTHTOWN HS,1705075,81.48148148148148,61.904761904761905,reject,15-016-2990-25-0826,81.48148148148148,61.904761904761905,reject
400035,CHICAGO MATH & SCIENCE HS,1705795,87.5,74.35897435897436,review,15-016-2990-25-0837,87.5,74.35897435897436,review
400051,NOBLE - NOBLE HS,1705072,82.35294117647058,55.00000000000001,reject,15-016-2990-25-0824,82.35294117647058,55.00000000000001,reject
400052,NOBLE - COMER,1706523,100,51.162790697674424,reject,15-016-2990-25-032C,100,51.162790697674424,reject
400053,NOBLE - GOLDER HS,1705075,81.48148148148148,65,review,15-016-2990-25-0826,81.48148148148148,65,review
400054,NOBLE - PRITZKER HS,1701154,85.71428571428571,78.26086956521739,review,15-016-2990-25-2510,85.71428571428571,78.26086956521739,review
400055,NOBLE - RAUNER HS,1705075,81.48148148148148,70,review,15-016-2990-25-0826,81.48148148148148,70,review
400056,NOBLE - ROWE CLARK HS,1705075,81.48148148148148,59.09090909090908,reject,15-016-2990-25-0826,81.48148148148148,59.09090909090908,reject
400057,NOBLE - UIC HS,1705075,81.48148148148148,70.27027027027026,review,15-016-2990-25-0826,81.48148148148148,70.27027027027026,review
400058,NLCP - CHRISTIANA HS,1705075,81.48148148148148,55.81395348837209,reject,15-016-2990-25-0826,81.48148148148148,55.81395348837209,reject
400059,NLCP - COLLINS HS,1705942,88.37209302325581,66.66666666666667,review,15-016-2990-25-0841,88.37209302325581,66.66666666666667,review
400061,PERSPECTIVES - LEADERSHIP HS,1706437,85.18518518518519,75.75757575757575,review,15-016-2990-25-051C,82.14285714285714,73.52941176470588,review
400062,PERSPECTIVES - TECH HS,1706441,100,87.87878787878788,auto_accept,15-016-2990-25-052C,90.56603773584905,80.55555555555556,review
400064,PERSPECTIVES - JOSLIN HS,1706441,87.27272727272728,76.47058823529412,review,15-016-2990-25-052C,87.27272727272728,70.27027027027026,review
400066,PERSPECTIVES - MATH & SCI HS,1705075,81.48148148148148,49.056603773584904,reject,15-016-2990-25-0826,81.48148148148148,49.056603773584904,reject
400077,U OF C - WOODLAWN HS,1705075,81.48148148148148,55.81395348837209,reject,15-016-2990-25-0826,81.48148148148148,55.81395348837209,reject
400085,ACERO - GARCIA HS,1705075,81.48148148148148,55.00000000000001,reject,15-016-2990-25-085C,100,57.831325301204814,reject
400086,URBAN PREP - ENGLEWOOD HS,1705884,100,86.48648648648648,auto_accept,15-016-2990-25-010C,100,86.48648648648648,auto_accept
400091,CHICAGO TECH HS,1705061,88.37209302325581,74.50980392156863,review,15-016-2990-25-0820,88.37209302325581,74.50980392156863,review
400094,EPIC HS,1706088,100,80,review,15-016-2990-25-015C,100,80,review
400097,NOBLE - BULLS HS,1705075,81.48148148148148,66.66666666666667,review,15-016-2990-25-0826,81.48148148148148,66.66666666666667,review
400098,NOBLE - MUCHIN HS,1705075,81.48148148148148,65,review,15-016-2990-25-0826,81.48148148148148,65,review
400104,INSTITUTO - HEALTH,1701124,47.05882352941177,47.05882352941176,reject,15-016-2990-25-2487,47.05882352941177,47.05882352941176,reject
400105,URBAN PREP - BRONZEVILLE HS,1706132,100,93.15068493150685,auto_accept,15-016-2990-25-013C,100,87.17948717948718,auto_accept
400106,NOBLE - JOHNSON HS,1705075,81.48148148148148,63.41463414634146,reject,15-016-2990-25-0826,81.48148148148148,63.41463414634146,reject
400117,NOBLE - HANSBERRY HS,1705075,81.48148148148148,60.46511627906976,reject,15-016-2990-25-0826,81.48148148148148,60.46511627906976,reject
400118,NOBLE - DRW HS,1705075,81.48148148148148,70.27027027027026,review,15-016-2990-25-0826,81.48148148148148,70.27027027027026,review
400119,LEGAL PREP HS,1706241,100,73.33333333333334,review,15-016-2990-25-019C,100,73.33333333333334,review
400149,ACERO - SOTO HS,1705075,81.48148148148148,57.89473684210527,reject,15-016-2990-25-085C,87.17948717948718,44.44444444444444,reject
400156,NOBLE - BUTLER HS,1705075,81.48148148148148,65,review,15-016-2990-25-0826,81.48148148148148,65,review
400157,NOBLE - BAKER HS,1705075,81.48148148148148,66.66666666666667,review,15-016-2990-25-0826,81.48148148148148,66.66666666666667,review
400161,CHICAGO COLLEGIATE,1706285,100,70.58823529411764,review,15-016-2990-25-236C,100,70.58823529411764,review
400162,INTRINSIC HS,1706763,100,80.76923076923077,review,15-016-2990-25-022C,100,84,review
400169,NOBLE - ITW SPEER HS,1705075,81.48148148148148,60.46511627906976,reject,15-016-2990-25-0826,81.48148148148148,60.46511627906976,reject
400170,NOBLE - ACADEMY HS,1705983,90.47619047619048,87.5,auto_accept,15-016-2990-25-0847,90.47619047619048,87.5,auto_accept
400172,ASPIRA - BUSINESS & FINANCE HS,1705075,81.48148148148148,40,reject,15-016-2990-25-079C,100,90.69767441860466,auto_accept
400179,NOBLE - MANSUETO HS,1705075,81.48148148148148,66.66666666666667,review,15-016-2990-25-0826,81.48148148148148,66.66666666666667,review
400181,ART IN MOTION,1706770,100,63.41463414634146,reject,15-016-2990-25-111C,100,63.41463414634146,reject
400182,CATALYST MARIA HS,1705075,81.48148148148148,66.66666666666667,review,15-016-2990-25-0826,81.48148148148148,66.66666666666667,review
609674,CHICAGO VOCATIONAL HS,1700943,100,83.33333333333334,review,15-016-2990-25-0526,100,83.33333333333334,review
609676,DUNBAR HS,1700588,100,61.01694915254237,reject,15-016-2990-25-0531,100,61.01694915254237,reject
609678,JONES HS,1700990,100,72.34042553191489,review,15-016-2990-25-0533,100,72.34042553191489,review
609679,PROSSER HS,1700681,100,71.69811320754718,review,15-016-2990-25-0534,100,71.69811320754718,review
609680,PAYTON HS,1703989,100,64.28571428571428,reject,15-016-2990-25-0796,100,64.28571428571428,reject
609682,RICHARDS HS,1700718,100,72.72727272727273,review,15-016-2990-25-0536,100,72.72727272727273,review
609691,NORTH-GRAND HS,1705074,100,100,auto_accept,15-016-2990-25-0825,100,100,auto_accept
609692,SIMEON HS,1700758,100,70.58823529411764,review,15-016-2990-25-0537,100,70.58823529411764,review
609693,WESTINGHOUSE HS,1706083,100,100,auto_accept,15-016-2990-25-0857,100,100,auto_accept
609694,HANCOCK HS,1701980,100,65.51724137931035,review,15-016-2990-25-0779,100,65.51724137931035,review
609695,AMUNDSEN HS,1700587,100,100,auto_accept,15-016-2990-25-0001,100,100,auto_accept
609698,BOGAN HS,1700626,100,100,auto_accept,15-016-2990-25-0003,100,100,auto_accept
609704,FARRAGUT HS,1700788,100,72.72727272727273,review,15-016-2990-25-0011,100,72.72727272727273,review
609705,FENGER HS,1700792,100,81.81818181818181,review,15-016-2990-25-0012,100,81.81818181818181,review
609708,FOREMAN HS,1700799,100,100,auto_accept,15-016-2990-25-0013,100,100,auto_accept
609709,GAGE PARK HS,1700809,100,100,auto_accept,15-016-2990-25-0015,100,100,auto_accept
609710,HARLAN HS,1700851,100,66.66666666666667,review,15-016-2990-25-0016,100,66.66666666666667,review
609712,HIRSCH HS,1700879,100,73.46938775510203,review,15-016-2990-25-0019,100,73.46938775510203,review
609713,HYDE PARK HS,1700893,100,84,review,15-016-2990-25-0021,100,84,review
609715,KELLY HS,1700924,83.33333333333333,83.33333333333334,review,15-016-2990-25-0024,83.33333333333333,83.33333333333334,review
609716,KELVYN PARK HS,1700923,100,100,auto_accept,15-016-2990-25-0023,100,100,auto_accept
609718,KENNEDY HS,1700924,100,100,auto_accept,15-016-2990-25-0024,100,100,auto_accept
609719,LAKE VIEW HS,1700941,100,100,auto_accept,15-016-2990-25-0026,100,100,auto_accept
609720,LANE TECH HS,1700942,89.36170212765957,89.36170212765957,review,15-016-2990-25-0027,89.36170212765957,89.36170212765957,review
609722,MANLEY HS,1701125,100,70.58823529411764,review,15-016-2990-25-0616,100,70.58823529411764,review
609723,MARSHALL HS,1700972,100,75.47169811320755,review,15-016-2990-25-0029,100,75.47169811320755,review
609724,MATHER HS,1700977,100,100,auto_accept,15-016-2990-25-0030,100,100,auto_accept
609725,MORGAN PARK HS,1701002,100,100,auto_accept,15-016-2990-25-0031,100,100,auto_accept
609726,BROOKS HS,1702031,100,63.1578947368421,reject,15-016-2990-25-0788,100,63.1578947368421,reject
609727,PHILLIPS HS,1701061,100,83.33333333333334,review,15-016-2990-25-0034,100,83.33333333333334,review
609728,ROOSEVELT HS,1701093,100,100,auto_accept,15-016-2990-25-0035,100,100,auto_accept
609729,SCHURZ HS,1701111,100,100,auto_accept,15-016-2990-25-0036,100,100,auto_accept
609730,SENN HS,1701114,100,100,auto_accept,15-016-2990-25-0037,100,100,auto_accept
609732,STEINMETZ HS,1701139,100,76.36363636363637,review,15-016-2990-25-0041,100,76.36363636363637,review
609733,SULLIVAN HS,1701149,100,100,auto_accept,15-016-2990-25-0042,100,100,auto_accept
609734,TAFT HS,1701153,100,100,auto_accept,15-016-2990-25-0043,100,100,auto_accept
609735,TILDEN HS,1701161,100,60,reject,15-016-2990-25-0044,100,60,reject
609737,VON STEUBEN HS,1701180,100,76.66666666666666,review,15-016-2990-25-0046,100,76.66666666666666,review
609738,LINCOLN PARK HS,1701185,100,100,auto_accept,15-016-2990-25-0047,100,100,auto_accept
609739,WASHINGTON HS,1701189,100,95.65217391304348,auto_accept,15-016-2990-25-0048,100,95.65217391304348,auto_accept
609740,WELLS HS,1701192,100,65.38461538461539,review,15-016-2990-25-0049,100,65.38461538461539,review
609741,HUBBARD HS,1700889,100,100,auto_accept,15-016-2990-25-0020,100,100,auto_accept
609746,KENWOOD HS,1700925,100,82.6086956521739,review,15-016-2990-25-0025,100,82.6086956521739,review
609749,NORTHSIDE PREP HS,1703481,89.36170212765957,77.61194029850746,review,15-016-2990-25-0794,89.36170212765957,77.61194029850746,review
609751,KING HS,1700931,100,71.11111111111111,review,15-016-2990-25-0039,100,71.11111111111111,review
609753,CHICAGO AGRICULTURE HS,1705147,83.33333333333333,77.77777777777779,review,15-016-2990-25-0772,83.33333333333333,77.77777777777779,review
609754,CHICAGO MILITARY HS,1703487,100,87.5,auto_accept,15-016-2990-25-0795,100,87.5,auto_accept
609755,YOUNG HS,1704383,100,59.64912280701755,reject,15-016-2990-25-0764,100,82.92682926829268,review
609756,CURIE HS,1701198,100,72.34042553191489,review,15-016-2990-25-0617,100,72.34042553191489,review
609759,CLEMENTE HS,1701086,100,68.96551724137932,review,15-016-2990-25-0545,100,68.96551724137932,review
609760,CARVER MILITARY HS,1700671,100,87.09677419354838,auto_accept,15-016-2990-25-0006,100,87.09677419354838,auto_accept
609761,CORLISS HS,1701072,100,100,auto_accept,15-016-2990-25-0543,100,100,auto_accept
609762,JULIAN HS,1700895,100,100,auto_accept,15-016-2990-25-0763,100,100,auto_accept
609764,JUAREZ HS,1700722,100,66.66666666666667,review,15-016-2990-25-0767,100,66.66666666666667,review
609780,MARINE LEADERSHIP AT AMES HS,1702618,84.61538461538461,65.67164179104478,review,15-016-2990-25-2912,84.61538461538461,65.67164179104478,review
610244,CLARK HS,1701185,82.92682926829268,58.53658536585367,reject,15-016-2990-25-0047,82.92682926829268,58.53658536585367,reject
610245,DOUGLASS HS,1705789,100,83.33333333333334,review,15-016-2990-25-0831,100,83.33333333333334,review
610304,PHOENIX MILITARY HS,1704715,100,87.5,auto_accept,15-016-2990-25-0803,100,87.5,auto_accept
610323,BOWEN HS,1705072,100,100,auto_accept,15-016-2990-25-0824,100,100,auto_accept
610334,RABY HS,1705075,100,100,auto_accept,15-016-2990-25-0826,100,100,auto_accept
610340,CHICAGO ACADEMY HS,1705061,100,100,auto_accept,15-016-2990-25-0820,100,100,auto_accept
610357,SPRY HS,1705677,100,66.66666666666667,review,15-016-2990-25-0818,100,66.66666666666667,review
610380,WILLIAMS HS,1705075,81.48148148148148,61.111111111111114,reject,15-016-2990-25-0826,81.48148148148148,61.111111111111114,reject
610381,BRONZEVILLE HS,1705792,100,80.70175438596492,review,15-016-2990-25-0834,100,80.70175438596492,review
610383,SOCIAL JUSTICE HS,1705793,100,83.87096774193549,review,15-016-2990-25-0835,100,83.87096774193549,review
610384,INFINITY HS,1705795,100,64.51612903225806,reject,15-016-2990-25-0837,100,64.51612903225806,reject
610385,MULTICULTURAL ARTS HS,1705794,100,100,auto_accept,15-016-2990-25-0836,100,100,auto_accept
610389,ORR HS,1705983,100,78.94736842105263,review,15-016-2990-25-0847,100,78.94736842105263,review
610390,RICKOVER MILITARY HS,1700671,81.63265306122449,62.5,reject,15-016-2990-25-0006,81.63265306122449,62.5,reject
610391,LINDBLOM HS,1705791,100,64.51612903225806,reject,15-016-2990-25-0833,100,64.51612903225806,reject
610392,WORLD LANGUAGE HS,1705788,100,100,auto_accept,15-016-2990-25-0830,100,100,auto_accept
610394,UPLIFT HS,1705787,100,78.26086956521739,review,15-016-2990-25-0829,100,78.26086956521739,review
610402,DEVRY HS,1705075,84.84848484848484,66.66666666666667,review,15-016-2990-25-0826,84.84848484848484,66.66666666666667,review
610499,COLLINS STEAM HS,1705942,100,86.20689655172413,auto_accept,15-016-2990-25-0841,100,86.20689655172413,auto_accept
610513,AIR FORCE HS,1706055,100,89.36170212765957,auto_accept,15-016-2990-25-0848,100,89.36170212765957,auto_accept
610518,AUSTIN CCA HS,1705984,90,65.625,review,15-016-2990-25-0844,90,62.68656716417911,reject
610524,ALCOTT HS,1700804,83.87096774193549,77.77777777777779,review,15-016-2990-25-2053,83.87096774193549,77.77777777777779,review
610529,OGDEN HS,1706093,100,89.47368421052632,auto_accept,15-016-2990-25-0855,100,89.47368421052632,auto_accept
610543,SOLORIO HS,1706138,100,82.6086956521739,review,15-016-2990-25-0859,100,82.6086956521739,review
610547,SOUTH SHORE INTL HS,1706170,100,86.15384615384616,auto_accept,15-016-2990-25-0860,100,86.15384615384616,auto_accept
610558,GOODE HS,1706223,100,72.34042553191489,review,15-016-2990-25-0861,100,72.34042553191489,review
610561,CRANE MEDICAL HS,1706260,100,90.9090909090909,auto_accept,15-016-2990-25-0052,100,90.9090909090909,auto_accept
610563,BACK OF THE YARDS HS,1706282,100,95.08196721311475,auto_accept,15-016-2990-25-0014,100,95.08196721311475,auto_accept
610564,DISNEY II HS,1706250,100,85.71428571428572,auto_accept,15-016-2990-25-0053,100,85.71428571428572,auto_accept
610587,DYETT ARTS HS,1706400,100,72.1311475409836,review,15-016-2990-25-0863,100,67.6923076923077,review
610592,ENGLEWOOD STEM HS,1706725,100,100,auto_accept,15-016-2990-25-0867,100,100,auto_accept
