ibo_name,ibo_id,programmes,priv_name,city,state,pss_id,score,decision
Archbishop Spalding High School,48013,DP,ARCHBISHOP SPALDING HIGH SCHOOL,SEVERN,MD,00578728,100.0,accept
Beacon Academy,50937,DP,BEACON ACADEMY,EVANSTON,IL,A1501543,100.0,accept
Bishop Amat Memorial High School,2263,DP,BISHOP AMAT MEMORIAL HIGH SCHOOL,LA PUENTE,CA,00071399,100.0,accept
Clearwater Central Catholic High School,2812,DP,CLEARWATER CENTRAL CATHOLIC HIGH SCHOOL,CLEARWATER,FL,00258741,100.0,accept
DePaul College Prep,50431,DP,DEPAUL COLLEGE PREP,CHICAGO,IL,00342907,100.0,accept
EF Academy Pasadena,61787,DP,EF ACADEMY PASADENA,PASADENA,CA,A2300193,100.0,accept
George School,327,DP,GEORGE SCHOOL,NEWTOWN,PA,01195879,100.0,accept
Mercyhurst Preparatory School,356,DP,MERCYHURST PREPARATORY SCHOOL,ERIE,PA,01190611,100.0,accept
New Hampton School,3995,DP,NEW HAMPTON SCHOOL,NEW HAMPTON,NH,A2192906,100.0,accept
Notre Dame de la Baie Academy,2940,"DP, CP",NOTRE DAME DE LA BAIE ACADEMY,GREEN BAY,WI,A9106948,100.0,accept
Our Lady of Good Counsel High School,843,DP,OUR LADY OF GOOD COUNSEL HIGH SCHOOL,OLNEY,MD,01604475,100.0,accept
Purcell Marian High School,60773,DP,PURCELL MARIAN HIGH SCHOOL,CINCINNATI,OH,01056529,100.0,accept
The Hague School,61357,DP,THE HAGUE SCHOOL,NORFOLK,VA,A1990827,100.0,accept
Verde Valley School,2950,DP,VERDE VALLEY SCHOOL,SEDONA,AZ,00032156,100.0,accept
St. Timothy's School,2842,"MYP, DP",ST TIMOTHY'S SCHOOL,STEVENSON,MD,00579903,97.4,accept
Navajo Preparatory School Inc.,49464,"MYP, DP",NAVAJO PREPARATORY SCHOOL,FARMINGTON,NM,A1992105,90.9,accept
Cheshire Academy,6727,DP,THE CHESHIRE ACADEMY,CHESHIRE,CT,A0101540,88.9,accept
Brooklyn Friends School,2909,DP,BROOKLYN FRIENDS UPPER SCHOOL,BROOKLYN,NY,A1702565,88.5,accept
Concord High School,49605,"MYP, DP, CP",CONCORDIA HIGH SCHOOL,ROUND ROCK,TX,BB162854,95.0,reject
Allen High School,1130,DP,ALLEMAN HIGH SCHOOL,ROCK ISLAND,IL,00347133,94.4,reject
Howell High School,60382,DP,LOWELL HIGH SCHOOL,FLUSHING,NY,A1903066,94.4,reject
Carrollton High School,6989,DP,CARROLL HIGH SCHOOL,DAYTON,OH,01056879,92.7,reject
Adrian High School,4793,DP,ANDREAN HIGH SCHOOL,MERRILLVILLE,IN,00423376,91.9,reject
Miramar High School,1275,DP,Miriam High School,SAINT LOUIS,MO,BB201104,91.9,reject
Renton High School,49291,"DP, CP",PRESTON HIGH SCHOOL,BRONX,NY,00921553,91.9,reject
Midland High School,3051,DP,ILAN HIGH SCHOOL,OCEAN,NJ,A9702240,91.4,reject
Odessa High School,2300,DP,O'DEA HIGH SCHOOL,SEATTLE,WA,01460475,91.4,reject
Ogden High School,6994,"DP, CP",HOLDEN HIGH SCHOOL,ORINDA,CA,00094973,91.4,reject
Catholic Memorial High School,2290,"DP, CP",JUDGE MEMORIAL CATHOLIC HIGH SCHOOL,SALT LAKE CITY,UT,01412771,90.6,reject
Park High School,4773,DP,SAR HIGH SCHOOL,BRONX,NY,A0502542,90.3,reject
The Newman School,3349,"MYP, DP",THE NEW SCHOOL,ATLANTA,GA,BB160891,90.3,reject
Del Mar High School,50777,DP,MATER DEI HIGH SCHOOL,BREESE,IL,00345635,90.0,reject
Holmes High School,273,DP,HOLY NAMES HIGH SCHOOL,OAKLAND,CA,00074822,90.0,reject
Princeton High School,316,DP,PRESTON HIGH SCHOOL,BRONX,NY,00921553,90.0,reject
Rockwall High School,49467,DP,RONCALLI HIGH SCHOOL,INDIANAPOLIS,IN,00421903,90.0,reject
Andress High School,51763,DP,ANDREAN HIGH SCHOOL,MERRILLVILLE,IN,00423376,89.5,reject
Marietta High School,845,"MYP, DP, CP",MARIAN HIGH SCHOOL,MISHAWAKA,IN,00423048,89.5,reject
Pierson High School,6567,DP,PRESTON HIGH SCHOOL,BRONX,NY,00921553,89.5,reject
Westlake High School,50328,"MYP, DP",WESLEY HIGH SCHOOL,PITTSBURGH,PA,01196329,89.5,reject
Cathedral City High School,50306,DP,CATHEDRAL HIGH SCHOOL,LOS ANGELES,CA,A2400017,89.4,reject
Nauset Regional High School,52217,DP,NAZARETH REGIONAL HIGH SCHOOL,BROOKLYN,NY,A1903096,89.3,reject
Highland High School,3956,DP,ILAN HIGH SCHOOL,OCEAN,NJ,A9702240,88.9,reject
Linden High School,1313,DP,HOLDEN HIGH SCHOOL,ORINDA,CA,00094973,88.9,reject
Temple High School,670,DP,TELSHE HIGH SCHOOL,WICKLIFFE,OH,01063831,88.9,reject
Hilton High School,1392,"MYP, DP",ILAN HIGH SCHOOL,OCEAN,NJ,A9702240,88.2,reject
West High School,345,"DP, CP",WESLEY HIGH SCHOOL,PITTSBURGH,PA,01196329,88.2,reject
West High School,4845,"MYP, DP, CP",WESLEY HIGH SCHOOL,PITTSBURGH,PA,01196329,88.2,reject
West High School,49838,DP,WESLEY HIGH SCHOOL,PITTSBURGH,PA,01196329,88.2,reject
L.C. Anderson High School,628,DP,PAUL ANDERSON HIGH SCHOOL,VIDALIA,GA,A9303122,88.0,reject
Long Beach High School,4872,DP,TORAH HIGH SCHOOL LONG BEACH,LONG BEACH,NY,A1502617,88.0,reject
Hampton High School,1278,DP,ASSUMPTION HIGH SCHOOL,LOUISVILLE,KY,00514355,87.8,reject
Parkdale High School,848,DP,PARACLETE HIGH SCHOOL,LANCASTER,CA,00070624,87.8,reject
Renaissance High School,3958,"DP, CP",RENAISSANCE SCHOOL,CHARLOTTESVILLE,VA,A0992066,87.8,reject
Renaissance High School,52513,DP,RENAISSANCE SCHOOL,CHARLOTTESVILLE,VA,A0992066,87.8,reject
Westminster High School,1431,CP,WESTMINSTER SCHOOL,SIMSBURY,CT,00233363,87.8,reject
Capistrano Valley High School,2304,DP,VALLEY CHRISTIAN HIGH SCHOOL,CERRITOS,CA,A2100655,87.7,reject
Largo High School,49031,DP,SAR HIGH SCHOOL,BRONX,NY,A0502542,87.5,reject
Salem High School,44015,DP,SAR HIGH SCHOOL,BRONX,NY,A0502542,87.5,reject
Stanton College Preparatory School,251,DP,THE COLLEGE PREPARATORY SCHOOL,OAKLAND,CA,00083597,87.5,reject
Vista High School,225,DP,TAG HIGH SCHOOL,FAR ROCKAWAY,NY,A9903264,87.5,reject
Leander High School,1086,DP,LANDMARK HIGH SCHOOL,PRIDES CROSSING,MA,A9103061,87.2,reject
Skyline High School,1064,"DP, CP",URSULINE HIGH SCHOOL,YOUNGSTOWN,OH,01062408,87.2,reject
Skyline High School,2140,DP,URSULINE HIGH SCHOOL,YOUNGSTOWN,OH,01062408,87.2,reject
Yosemite High School,648,DP,SERVITE HIGH SCHOOL,ANAHEIM,CA,01604147,87.2,reject
Mercy High School,51397,"MYP, DP",MERCY HIGH SCHOOL,MIDDLETOWN,CT,00232202,100.0,review
Meridian High School,189,"MYP, DP, CP",MERIDIAN HIGH SCHOOL,MARGATE,FL,A1990232,100.0,review
Notre Dame Academy,3460,"PYP, MYP, DP",NOTRE DAME ACADEMY,PARK HILLS,KY,00515734,100.0,review
Notre Dame Academy,4884,DP,NOTRE DAME ACADEMY,PARK HILLS,KY,00515734,100.0,review
Notre Dame High School,60807,DP,NOTRE DAME HIGH SCHOOL,SALINAS,CA,00074276,100.0,review
Trinity High School,1280,DP,TRINITY HIGH SCHOOL,CHICAGO,IL,00342146,100.0,review
St. Andrew's School,3348,DP,ST ANDREW'S SCHOOL,MIDDLETOWN,DE,00249737,97.3,review
St. Paul's School,2288,DP,ST PAULS SCHOOL,CONCORD,NH,00851903,93.8,review
Kent-Meridian High School,1321,DP,MERIDIAN HIGH SCHOOL,MARGATE,FL,A1990232,88.9,review
