county_fips,median_hh_income,pct_bachelors_plus,pct_poverty
01001,72481,29.1,11.3
01003,78775,33.7,10.1
01005,46042,10.6,21.4
01007,52541,11.7,22.5
01009,64190,15.8,12.9
01011,31310,8.1,33.3
01013,44755,13.5,22.4
01015,55029,20.6,17.9
01017,49656,14.9,15.7
01019,53863,16.5,14.8
01021,65603,16.5,14.0
01023,47813,15.8,16.5
01025,49249,15.0,20.1
01027,55250,14.7,17.6
01029,55345,17.0,13.7
01031,68353,22.5,16.7
01033,60628,21.7,17.4
01035,41327,13.4,27.8
01037,57355,13.9,13.1
01039,52456,17.2,19.2
01041,48560,18.7,17.9
01043,62656,19.7,15.3
01045,54963,20.4,18.7
01047,35627,17.5,31.0
01049,51204,14.1,22.4
01051,78243,25.4,10.3
01053,48225,13.5,20.0
01055,54563,18.1,16.9
01057,49488,14.9,21.8
01059,53338,15.8,19.1
01061,52771,13.2,19.2
01063,29200,15.1,40.1
01065,39250,17.6,24.6
01067,59931,21.8,18.3
01069,58626,23.0,17.5
01071,51908,15.9,17.3
01073,66388,36.2,15.7
01075,50000,12.1,18.0
01077,62649,29.8,12.2
01079,66071,15.2,13.3
01081,65824,42.4,18.9
01083,83629,30.2,10.0
01085,37052,14.4,29.9
01087,43707,21.1,24.3
01089,86499,46.4,10.1
01091,43825,19.5,21.9
01093,50088,13.3,16.2
01095,62571,21.5,16.6
01097,58880,26.0,16.2
01099,42292,11.7,20.1
01101,59386,34.5,19.9
01103,68845,23.3,13.5
01105,37654,15.8,31.4
01107,46274,13.1,20.0
01109,48677,28.0,23.3
01111,52338,18.4,19.9
01113,51197,18.2,22.2
01115,77463,21.4,11.4
01117,97961,46.8,7.2
01119,33310,19.0,26.5
01121,57776,16.5,17.8
01123,59356,20.3,16.3
01125,66231,32.1,16.8
01127,56509,16.6,18.5
01129,61042,17.0,17.1
01131,40640,12.9,28.2
01133,57256,14.3,18.7
02013,65365,18.3,13.2
02016,135500,17.9,11.3
02020,103284,38.7,8.9
02050,73996,12.8,25.6
02060,95625,20.9,9.3
02063,90509,31.4,5.9
02066,79250,23.4,8.7
02068,80781,26.6,8.3
02070,78533,18.9,19.5
02090,88267,33.1,6.1
02100,86927,34.1,5.4
02105,61406,24.6,14.2
02110,101661,41.2,8.9
02122,80538,29.8,11.8
02130,92885,27.4,8.7
02150,86250,28.7,8.7
02158,51471,5.8,32.4
02164,65625,16.3,12.8
02170,94031,24.4,10.0
02180,78681,14.0,21.5
02185,95694,15.6,11.1
02188,84018,10.6,17.9
02195,75125,25.8,7.0
02198,61156,14.9,12.7
02220,101727,34.3,7.5
02230,81136,28.5,5.9
02240,73882,23.2,12.7
02275,63750,21.4,12.1
02282,85000,14.4,11.9
02290,55741,16.0,16.0
04001,41438,16.6,30.5
04003,59742,28.1,15.4
04005,72966,40.3,16.8
04007,61986,18.7,16.9
04009,67325,14.6,17.3
04011,71164,20.9,8.2
04012,49478,13.5,17.5
04013,89300,36.7,11.0
04015,57684,15.2,16.1
04017,54606,19.1,24.7
04019,70315,36.8,14.3
04021,80266,22.5,11.1
04023,55217,23.1,20.2
04025,69613,30.3,12.0
04027,62876,16.8,15.6
05001,53164,13.6,19.0
05003,44266,12.8,22.1
05005,48452,19.4,15.5
05007,93506,37.8,7.6
05009,55143,17.2,11.7
05011,41476,15.3,19.9
05013,66809,19.8,10.2
05015,54230,20.0,17.2
05017,39045,18.0,22.6
05019,52034,26.2,21.6
05021,51481,15.3,17.2
05023,55798,18.4,13.9
05025,54794,19.7,15.8
05027,55334,21.9,21.1
05029,54187,19.9,19.7
05031,59548,29.7,20.1
05033,64132,20.0,14.7
05035,55358,17.0,21.0
05037,50863,18.4,19.7
05039,42500,11.3,13.9
05041,37662,12.6,28.3
05043,42824,25.6,22.4
05045,67289,35.0,14.5
05047,55886,14.5,18.0
05049,42241,16.0,18.0
05051,57181,25.3,15.8
05053,71549,21.5,13.1
05055,57839,16.9,17.4
05057,46787,16.3,20.2
05059,55405,17.5,15.1
05061,45603,16.2,22.5
05063,56609,18.1,20.4
05065,49405,19.7,22.3
05067,44218,14.7,21.7
05069,51096,20.1,18.6
05071,45995,17.8,19.8
05073,41278,9.0,22.3
05075,44882,14.5,20.1
05077,34375,7.2,39.4
05079,51778,12.0,15.4
05081,53344,17.2,15.5
05083,58555,16.7,13.9
05085,72828,22.1,10.4
05087,56798,12.9,14.1
05089,48619,14.9,18.0
05091,48836,15.0,24.6
05093,52548,13.7,21.1
05095,43214,12.7,20.6
05097,48906,16.7,22.4
05099,53886,13.8,20.3
05101,48986,15.7,15.9
05103,49268,16.3,18.9
05105,55764,16.5,14.2
05107,40134,15.0,29.3
05109,49269,19.1,20.7
05111,46707,11.4,20.1
05113,49191,17.8,15.9
05115,57344,24.7,16.9
05117,51646,18.2,11.8
05119,62873,37.9,16.7
05121,50911,12.1,22.4
05123,42574,14.2,28.5
05125,79046,29.4,8.8
05127,43270,13.0,18.7
05129,44426,15.0,23.0
05131,57790,23.3,16.0
05133,53527,9.3,17.3
05135,44637,13.9,16.5
05137,40943,15.8,19.3
05139,55259,19.1,19.5
05141,50354,15.0,19.1
05143,70639,35.2,14.6
05145,55249,20.4,17.5
05147,48158,16.2,24.1
05149,55934,14.9,15.6
06001,129367,52.2,9.2
06003,105521,41.1,10.0
06005,88044,22.4,8.2
06007,67928,31.9,19.2
06009,78647,23.9,13.0
06011,75672,16.4,11.4
06013,127229,45.2,8.4
06015,67058,21.4,12.9
06017,108845,40.0,8.0
06019,74201,24.3,18.3
06021,67139,15.1,16.0
06023,61160,33.1,18.7
06025,57681,16.1,19.5
06027,73991,31.5,10.9
06029,70210,18.8,19.1
06031,70995,13.6,16.0
06033,60621,17.8,17.0
06035,67403,13.1,14.0
06037,90112,36.0,13.7
06039,76627,17.9,19.2
06041,149091,61.1,8.3
06043,68412,31.8,14.0
06045,68092,25.2,15.4
06047,65510,15.3,19.1
06049,59455,24.8,17.9
06051,99415,32.2,8.6
06053,97230,28.2,12.7
06055,111471,39.8,8.5
06057,89882,41.5,11.0
06059,116289,44.1,9.5
06061,115998,43.2,6.8
06063,66031,22.5,10.6
06065,93074,25.6,10.6
06067,92175,34.1,12.5
06069,114394,24.1,6.7
06071,85478,23.3,13.3
06073,106268,43.2,10.3
06075,140970,60.3,11.2
06077,92179,22.7,12.4
06079,97446,39.8,12.9
06081,158855,53.7,6.7
06083,98161,36.8,14.7
06085,164281,56.5,7.1
06087,111093,43.9,11.6
06089,72636,23.8,13.3
06091,63355,25.8,4.4
06093,59095,23.3,16.4
06095,100401,28.8,10.0
06097,104674,38.5,8.9
06099,81468,19.6,13.5
06101,79704,20.9,14.4
06103,63784,19.3,15.6
06105,53002,22.4,20.7
06107,71300,16.6,17.9
06109,77404,24.6,10.4
06111,109797,36.1,9.3
06113,91752,44.8,16.7
06115,76373,17.7,14.2
06117,94571,29.0,9.8
08001,94571,29.0,9.8
08003,55397,32.4,17.2
08005,101087,46.5,8.6
08007,83065,40.9,8.2
08009,46215,24.7,24.6
08011,50179,15.7,28.4
08013,103994,64.2,11.2
08014,123874,60.3,6.2
08015,84132,47.0,8.3
08017,70865,26.1,8.2
08019,94577,57.5,6.4
08021,50978,25.7,11.7
08023,36861,24.9,21.0
08025,48826,12.4,19.4
08027,72674,43.7,12.7
08029,57774,26.6,14.0
08031,94718,56.5,11.2
08033,64907,28.1,21.6
08035,149594,62.0,3.8
08037,104096,50.9,8.7
08039,132685,36.1,5.3
08041,90363,41.9,8.5
08043,62664,22.0,13.3
08045,91131,33.6,8.2
08047,95361,52.8,11.2
08049,88612,42.7,7.6
08051,84527,64.7,11.3
08053,75972,47.7,4.1
08055,52526,26.4,17.3
08057,47667,31.3,14.6
08059,110656,52.0,6.7
08061,58618,20.1,11.8
08063,70259,20.4,9.8
08065,96575,49.5,7.9
08067,86056,49.3,11.7
08069,93765,53.0,11.2
08071,52074,19.3,18.7
08073,62861,26.1,9.8
08075,51829,20.1,15.8
08077,73658,32.3,10.7
08079,56250,51.7,10.0
08081,73849,19.4,8.4
08083,65244,31.3,13.3
08085,72120,28.7,11.5
08087,73278,17.8,14.3
08089,54037,18.2,22.1
08091,91020,56.5,4.3
08093,103670,41.6,5.0
08095,64674,31.5,16.8
08097,102645,62.8,7.8
08099,53508,19.3,18.2
08101,64010,25.6,14.6
08103,65473,24.7,8.5
08105,64411,34.5,18.0
08107,106489,54.2,5.2
08109,50082,31.3,17.8
08111,77824,52.1,21.3
08113,79024,64.9,9.3
08115,52386,27.2,13.0
08117,109773,55.0,7.7
08119,85361,37.9,7.6
08121,67167,24.9,8.1
08123,97097,33.2,9.6
08125,60545,25.3,17.9
09110,93394,42.1,10.3
09120,89667,41.7,12.4
09130,104428,46.0,6.8
09140,86191,33.8,11.2
09150,90589,26.1,7.5
09160,93551,39.4,8.8
09170,88197,42.0,11.4
09180,86586,35.8,10.7
09190,128188,55.5,7.5
10001,74477,27.5,10.6
10003,91166,39.7,10.1
10005,81497,33.0,10.9
11001,109870,64.2,15.4
12001,61949,48.8,21.2
12003,79836,17.8,11.8
12005,73533,29.6,11.9
12007,63050,15.2,16.8
12009,78476,34.2,10.2
12011,77633,36.7,12.2
12013,50517,13.6,20.7
12015,69952,27.0,9.0
12017,56546,20.6,15.6
12019,87820,28.3,9.2
12021,90045,40.3,10.7
12023,59205,16.8,16.7
12027,54417,10.8,24.1
12029,50110,10.7,20.9
12031,71277,34.4,14.1
12033,67500,29.7,14.7
12035,77363,31.3,10.3
12037,64105,27.9,16.5
12039,48801,21.3,27.9
12041,63523,15.3,11.5
12043,45870,13.4,17.2
12045,61179,23.5,12.5
12047,50144,11.0,20.1
12049,60489,12.1,25.3
12051,56393,12.2,22.5
12053,66058,21.1,11.7
12055,54897,20.5,15.3
12057,79540,38.1,12.7
12059,49343,12.5,14.0
12061,73491,33.8,11.1
12063,49149,15.1,19.5
12065,61212,19.2,21.0
12067,62757,9.9,17.5
12069,73161,27.8,8.9
12071,76107,31.2,12.0
12073,66287,48.9,18.7
12075,56750,16.5,17.4
12077,58671,16.5,17.5
12079,48485,13.9,21.0
12081,78457,35.4,9.8
12083,61010,23.4,14.4
12085,82943,37.1,11.3
12086,71753,34.4,14.7
12087,87738,38.6,10.6
12089,89804,35.6,9.7
12091,81998,34.8,9.3
12093,57984,15.8,18.0
12095,79719,39.3,13.0
12097,72637,29.8,12.8
12099,83581,40.5,11.3
12101,70492,29.2,11.1
12103,72646,36.8,11.5
12105,65978,23.5,14.5
12107,47934,14.5,23.4
12109,109839,50.9,6.5
12111,71457,26.7,12.3
12113,91922,32.0,8.8
12115,83416,40.8,8.6
12117,85761,42.7,9.0
12119,76508,35.3,9.7
12121,56658,16.6,15.0
12123,49073,16.5,17.3
12125,64146,11.1,19.5
12127,70044,28.4,11.8
12129,81895,23.3,6.7
12131,81986,35.0,12.5
12133,58210,11.5,17.3
13001,46651,11.2,22.5
13003,42347,8.9,25.0
13005,44694,10.4,24.5
13007,46012,16.7,26.3
13009,54403,24.4,21.7
13011,77063,18.6,11.3
13013,80653,21.2,9.6
13015,82243,24.3,10.3
13017,41758,13.0,25.2
13019,52876,15.7,20.6
13021,51234,26.3,24.7
13023,62008,19.8,19.3
13025,58239,14.5,17.1
13027,46807,15.8,25.4
13029,103408,36.1,6.7
13031,58810,32.5,23.0
13033,53014,15.5,18.3
13035,69241,14.4,10.4
13037,46940,13.0,22.8
13039,74378,24.6,12.9
13043,49581,16.0,16.3
13045,73714,23.8,15.4
13047,74639,24.2,9.9
13049,61276,12.3,18.1
13051,71097,37.7,14.3
13053,61042,29.6,13.9
13055,50285,12.0,21.2
13057,108115,41.1,7.0
13059,53625,47.4,26.0
13061,49147,23.4,21.0
13063,59806,22.5,17.9
13065,45847,9.1,26.1
13067,102738,50.8,8.7
13069,50683,13.9,23.1
13071,49341,15.5,22.9
13073,95592,38.5,7.5
13075,53651,17.9,17.7
13077,95548,36.2,7.4
13079,67116,14.5,11.6
13081,45105,15.3,23.3
13083,64568,18.4,8.2
13085,92991,36.4,8.5
13087,53317,15.1,22.0
13089,80644,47.4,13.7
13091,51587,17.2,21.5
13093,60987,14.8,15.7
13095,49044,22.8,25.0
13097,82984,30.8,10.9
13099,54083,14.7,23.6
13101,59489,15.7,14.2
13103,88438,27.2,6.8
13105,58450,16.3,18.0
13107,52772,13.5,25.7
13109,53259,14.5,19.1
13111,57073,24.2,13.7
13113,111978,49.9,5.6
13115,65565,25.9,16.0
13117,143784,57.1,4.3
13119,53046,17.8,19.5
13121,95292,58.5,12.3
13123,74499,24.9,16.0
13125,54934,17.0,12.6
13127,69799,32.4,16.1
13129,63650,18.8,12.0
13131,58980,16.4,20.3
13133,86272,37.8,9.8
13135,87890,39.0,10.8
13137,67309,24.6,14.1
13139,80901,27.3,11.8
13141,40082,10.3,30.6
13143,72127,17.0,15.4
13145,97302,38.0,9.0
13147,59385,20.8,11.9
13149,65868,12.8,17.9
13151,83146,29.5,9.2
13153,80698,32.5,11.1
13155,51384,15.2,22.4
13157,89544,27.8,7.3
13159,60134,19.5,16.0
13161,40283,13.2,21.8
13163,53014,13.5,16.9
13165,44389,10.3,22.9
13167,51028,8.4,24.2
13169,75500,19.9,12.1
13171,67062,19.2,9.6
13173,47186,19.3,26.1
13175,55010,19.1,22.6
13177,89168,34.1,5.7
13179,60456,20.5,15.3
13181,56907,15.5,17.0
13183,68808,13.3,17.3
13185,58541,27.9,19.2
13187,77448,31.6,14.1
13189,56733,17.8,20.3
13191,50273,20.0,23.0
13193,41031,11.0,25.1
13195,61963,21.1,17.2
13197,51667,17.7,20.9
13199,57340,14.5,18.9
13201,51425,21.3,23.8
13205,57613,14.3,23.4
13207,83183,27.0,12.3
13209,51941,19.9,20.6
13211,78111,29.7,8.8
13213,69253,15.0,14.4
13215,58073,30.5,19.0
13217,77179,25.0,12.3
13219,121217,55.9,6.2
13221,75034,25.3,11.6
13223,98031,29.5,6.6
13225,71293,22.8,17.3
13227,78930,26.7,12.0
13229,60517,20.2,13.8
13231,86719,21.5,9.3
13233,58515,15.4,16.4
13235,50406,14.5,16.5
13237,72096,31.1,17.6
13239,40179,12.4,15.7
13241,67493,31.3,13.1
13243,28380,16.4,30.0
13245,55637,24.5,20.0
13247,77247,32.4,10.8
13249,56875,22.2,13.9
13251,52792,14.7,17.2
13253,49495,13.4,20.1
13255,62071,18.5,18.9
13257,54754,15.1,15.8
13259,33250,12.7,26.4
13261,42653,21.4,23.7
13263,41597,12.1,25.2
13265,52500,12.0,20.4
13267,50747,15.4,23.4
13269,41788,17.5,32.1
13271,50929,10.1,24.1
13273,46171,13.1,33.3
13275,60736,22.7,17.9
13277,53255,21.0,20.8
13279,52621,18.4,22.5
13281,59135,31.0,13.3
13283,55518,11.9,13.8
13285,56776,23.8,16.9
13287,36799,9.8,20.3
13289,56324,10.5,18.2
13291,66176,26.9,10.9
13293,55429,15.5,19.3
13295,59469,21.3,13.3
13297,84945,24.5,11.9
13299,47448,14.4,21.5
13301,44289,12.3,21.4
13303,46023,16.9,17.2
13305,53427,16.2,21.3
13307,46792,8.9,22.3
13309,40539,10.0,32.7
13311,70666,24.0,12.4
13313,67070,20.2,14.8
13315,54138,15.4,21.9
13317,52043,16.9,17.8
13319,45465,12.3,21.6
13321,58694,11.7,24.0
15001,78639,31.4,14.9
15003,106195,38.5,9.2
15005,73750,22.4,22.7
15007,97668,30.1,9.1
15009,97161,31.0,9.2
16001,91502,44.6,8.3
16003,61808,21.6,17.9
16005,66499,30.6,12.3
16007,75260,21.6,7.0
16009,59794,19.7,12.9
16011,77878,21.8,11.7
16013,92566,48.0,6.6
16015,78774,31.2,7.7
16017,66979,28.6,11.1
16019,79068,33.1,9.8
16021,67237,24.0,13.6
16023,53015,17.5,19.3
16025,57955,34.4,5.9
16027,76488,23.2,10.5
16029,68782,16.8,9.2
16031,70830,21.3,12.4
16033,55208,20.5,11.7
16035,60000,17.5,13.2
16037,67574,29.3,15.8
16039,65359,22.4,10.5
16041,71950,23.9,7.9
16043,72683,22.8,10.1
16045,64605,20.7,12.0
16047,63559,16.2,13.0
16049,66325,22.6,11.1
16051,86679,27.4,9.7
16053,71724,14.0,12.6
16055,81861,30.0,9.0
16057,65424,43.0,17.6
16059,53202,24.1,12.8
16061,51615,21.3,15.3
16063,71453,11.1,10.5
16065,60160,41.8,24.5
16067,70377,15.7,14.5
16069,72599,27.1,12.2
16071,74954,26.7,10.8
16073,64406,12.4,12.2
16075,67673,17.3,10.2
16077,61146,15.3,9.5
16079,55527,12.7,13.1
16081,99805,49.9,9.1
16083,67409,23.5,11.5
16085,76078,40.1,11.7
16087,54000,20.6,15.3
17001,66220,27.5,12.8
17003,47043,12.6,19.0
17005,65959,21.6,10.9
17007,84571,23.6,9.9
17009,67917,12.6,9.2
17011,69257,21.7,10.8
17013,93203,20.1,6.3
17015,60758,17.8,14.2
17017,68125,20.8,11.1
17019,63683,46.2,19.1
17021,62611,17.1,10.2
17023,72927,24.9,9.1
17025,60417,13.1,17.5
17027,86588,25.9,7.4
17029,56478,26.9,18.7
17031,83498,42.7,13.5
17033,71674,20.6,12.1
17035,73327,19.6,9.1
17037,70724,33.0,14.8
17039,71678,23.2,10.0
17041,77320,20.9,8.5
17043,112096,51.8,6.6
17045,59941,20.4,12.0
17047,60519,13.9,16.5
17049,80404,26.9,10.1
17051,60944,17.2,15.5
17053,62439,18.9,12.4
17055,56740,15.8,17.5
17057,60599,18.5,13.2
17059,59219,13.6,13.6
17061,62192,19.0,14.3
17063,92235,23.6,6.0
17065,65746,21.0,12.1
17067,65865,25.1,12.3
17069,54271,13.3,11.0
17071,62227,20.6,13.9
17073,71911,24.7,8.9
17075,66255,18.2,12.5
17077,48763,36.3,21.0
17079,74755,20.9,11.1
17081,63118,18.2,13.5
17083,80361,22.6,8.8
17085,73993,28.9,7.8
17087,62528,19.6,17.6
17089,103163,38.1,7.9
17091,71281,21.2,12.2
17093,111601,36.9,5.4
17095,57030,21.0,14.6
17097,110416,47.7,8.3
17099,73045,20.5,13.9
17101,55324,14.9,14.5
17103,70292,19.4,11.8
17105,73790,19.0,10.5
17107,66358,20.9,13.1
17109,52795,31.4,17.2
17111,104802,35.2,6.2
17113,79905,47.2,12.9
17115,62666,24.4,15.0
17117,70805,20.3,13.1
17119,75793,31.0,11.1
17121,61240,16.8,15.4
17123,71585,18.0,11.4
17125,62845,17.1,14.8
17127,65116,17.0,16.3
17129,82176,28.3,10.1
17131,74182,20.9,8.9
17133,102880,38.7,5.0
17135,63620,18.3,12.6
17137,66306,22.6,13.4
17139,71784,19.0,9.2
17141,82132,24.3,8.4
17143,65108,34.9,15.7
17145,62118,13.7,16.9
17147,94811,32.9,6.1
17149,59777,18.5,14.8
17151,60050,15.7,13.3
17153,42463,13.0,25.0
17155,75590,22.9,8.1
17157,68131,15.2,14.6
17159,62455,19.1,12.1
17161,67159,24.7,15.5
17163,73854,31.8,13.6
17165,53117,19.6,18.9
17167,75357,36.6,13.1
17169,65948,19.1,20.8
17171,66705,21.5,11.5
17173,72095,18.3,9.2
17175,62878,21.4,11.1
17177,64043,20.7,13.9
17179,77982,28.4,9.0
17181,55728,20.9,20.2
17183,56877,19.2,17.7
17185,57086,18.6,16.7
17187,67385,22.0,14.6
17189,78224,23.5,7.5
17191,55521,16.3,16.1
17193,54813,18.3,16.4
17195,67500,20.5,12.0
17197,109984,37.5,7.3
17199,65604,26.2,13.8
17201,65837,25.2,15.6
17203,91483,35.9,7.0
18001,65289,16.2,11.2
18003,70737,31.6,12.5
18005,79901,34.1,10.5
18007,65875,19.8,13.9
18009,51326,14.5,16.2
18011,111250,51.7,4.5
18013,78528,26.4,7.8
18015,65645,17.2,8.8
18017,56403,16.5,13.2
18019,74214,27.7,10.2
18021,70010,20.3,11.7
18023,65019,16.5,9.8
18025,49640,11.4,22.9
18027,68503,16.5,11.7
18029,84735,25.3,7.6
18031,69783,20.0,10.2
18033,74331,20.2,9.5
18035,58127,26.2,19.6
18037,75979,25.7,11.0
18039,68561,20.1,12.4
18041,59321,16.0,17.9
18043,79704,32.9,10.3
18045,62542,14.7,12.4
18047,78074,19.5,6.9
18049,61360,16.9,15.3
18051,67573,18.5,10.8
18053,53522,20.3,19.8
18055,62094,16.1,12.8
18057,121530,61.9,4.4
18059,93186,34.9,4.7
18061,74475,21.7,7.2
18063,101144,39.5,5.3
18065,63150,17.5,13.6
18067,64027,20.8,13.4
18069,66301,21.3,9.9
18071,70262,20.3,12.3
18073,77314,19.2,8.4
18075,54969,13.3,14.4
18077,64577,19.8,12.3
18079,69322,14.8,12.6
18081,90454,34.7,7.4
18083,61237,19.1,13.7
18085,75317,25.1,9.8
18087,84487,11.5,5.9
18089,71493,25.8,14.3
18091,71055,22.7,13.6
18093,66468,20.4,12.2
18095,63037,20.5,13.4
18097,66346,34.8,15.3
18099,71808,20.9,11.7
18101,68594,13.3,16.3
18103,61139,16.1,15.1
18105,65868,49.5,19.7
18107,71479,20.4,10.5
18109,79429,21.1,9.3
18111,75481,15.3,14.0
18113,71723,18.8,9.2
18115,70392,17.8,8.1
18117,65873,16.1,13.4
18119,62464,16.8,12.3
18121,68485,15.4,16.2
18123,61151,16.6,15.0
18125,71334,16.0,10.7
18127,87972,31.1,9.6
18129,78129,25.2,10.1
18131,62792,14.1,12.1
18133,78378,20.2,8.7
18135,60791,15.1,15.8
18137,70573,20.7,10.1
18139,66473,18.6,11.9
18141,66868,33.5,14.2
18143,56352,12.7,16.6
18145,72190,21.9,13.0
18147,74506,22.0,7.5
18149,63960,12.5,13.4
18151,74911,25.6,9.3
18153,56204,14.6,13.9
18155,65343,8.9,12.6
18157,60636,40.5,19.2
18159,76156,23.5,11.2
18161,76424,18.4,8.5
18163,61648,27.8,14.3
18165,60200,17.6,15.3
18167,52976,26.3,19.2
18169,66806,23.1,11.1
18171,82425,17.5,11.0
18173,89844,35.2,7.0
18175,64641,14.5,14.4
18177,55692,20.5,17.9
18179,71957,19.9,7.2
18181,67303,19.2,10.2
18183,78083,23.6,9.9
19001,68092,19.9,9.5
19003,71875,27.0,9.1
19005,70694,22.2,10.1
19007,54934,20.5,17.5
19009,58229,20.8,11.8
19011,86962,25.6,7.4
19013,66417,30.3,14.9
19015,83531,28.5,6.2
19017,86784,36.2,7.3
19019,78236,22.4,8.6
19021,71719,22.2,7.8
19023,73715,21.4,9.2
19025,64964,21.8,9.3
19027,72930,24.0,7.9
19029,63013,22.1,14.3
19031,80602,23.7,7.3
19033,68189,24.0,10.6
19035,71269,23.4,12.1
19037,75675,21.2,8.8
19039,71641,16.0,9.7
19041,65428,27.5,11.4
19043,67242,14.5,10.9
19045,66981,22.4,13.2
19047,67027,17.7,14.8
19049,102379,51.5,6.3
19051,77194,17.1,7.2
19053,59044,23.5,14.6
19055,74989,22.6,7.8
19057,62928,23.8,12.8
19059,75432,31.2,7.6
19061,77630,33.4,9.7
19063,63730,17.1,9.9
19065,60165,20.7,12.0
19067,68557,18.3,11.6
19069,59894,19.4,13.6
19071,71621,20.8,7.7
19073,63409,21.2,9.8
19075,87205,27.8,6.5
19077,77711,25.0,9.9
19079,72432,22.8,7.4
19081,70601,20.5,12.2
19083,65069,21.9,9.7
19085,79535,22.0,7.1
19087,67436,23.0,12.0
19089,67446,19.5,8.9
19091,71946,19.4,12.9
19093,63073,21.6,11.3
19095,71223,24.8,8.9
19097,74186,19.5,9.7
19099,71311,20.0,8.3
19101,61620,43.2,15.2
19103,74935,55.2,17.1
19105,73531,22.0,12.0
19107,62329,17.0,12.1
19109,67697,22.8,8.2
19111,62382,21.7,13.1
19113,77649,34.7,9.4
19115,77354,16.8,9.8
19117,61793,15.8,14.9
19119,76746,20.4,5.3
19121,90855,27.1,7.0
19123,70940,24.1,12.6
19125,78680,32.1,8.2
19127,73315,22.6,11.2
19129,90753,31.0,8.2
19131,71365,24.9,9.5
19133,68377,19.6,10.6
19135,70996,21.4,9.2
19137,63666,20.4,15.3
19139,69396,23.1,13.7
19141,68356,22.0,13.3
19143,69239,16.7,16.0
19145,57953,19.2,13.8
19147,72781,19.0,11.6
19149,83251,21.7,6.9
19151,61875,18.7,10.3
19153,83576,40.3,10.3
19155,73602,23.6,12.1
19157,67391,27.3,10.7
19159,73346,24.6,8.8
19161,73838,22.3,9.2
19163,78277,36.6,11.5
19165,72738,24.1,7.6
19167,86098,30.6,6.7
19169,69685,54.8,18.2
19171,70781,20.5,14.8
19173,67740,16.0,11.0
19175,57772,23.3,12.4
19177,61161,18.8,15.1
19179,64766,19.6,15.8
19181,94588,33.3,5.1
19183,75647,26.2,8.2
19185,61964,17.2,10.1
19187,68975,22.0,12.9
19189,67642,26.1,11.2
19191,79066,31.2,8.4
19193,73658,24.3,14.0
19195,78008,19.1,8.2
19197,67190,24.9,16.8
20001,60689,22.4,9.9
20003,70614,14.0,11.0
20005,61112,21.8,13.0
20007,61926,27.3,11.8
20009,58851,21.7,15.4
20011,59238,23.9,13.6
20013,62233,19.6,13.8
20015,81610,32.4,8.5
20017,56484,30.2,8.4
20019,56438,18.6,14.9
20021,57668,19.4,14.1
20023,55429,22.0,17.0
20025,63043,31.1,9.9
20027,66176,25.5,13.4
20029,58770,20.8,10.0
20031,70346,19.7,10.7
20033,54545,20.1,9.2
20035,57878,24.5,14.3
20037,52844,32.2,20.6
20039,53870,27.0,12.7
20041,68417,23.7,8.1
20043,74028,21.7,9.6
20045,69746,53.2,14.7
20047,52692,20.5,18.9
20049,64609,21.5,10.4
20051,63084,38.9,18.3
20053,65560,22.7,10.4
20055,73009,19.0,11.1
20057,70781,20.7,14.0
20059,77207,24.6,8.7
20061,59317,26.2,18.0
20063,66029,24.2,5.1
20065,50650,26.9,14.8
20067,66476,25.1,9.3
20069,79122,25.9,8.5
20071,80565,29.8,7.1
20073,60042,21.6,13.9
20075,70250,20.5,7.0
20077,53488,22.8,17.3
20079,74368,30.1,8.2
20081,66162,19.9,11.2
20083,59955,30.2,6.3
20085,75215,22.6,6.1
20087,81278,24.6,5.6
20089,52634,18.2,10.6
20091,109208,57.6,5.4
20093,89135,19.4,4.5
20095,59842,25.3,10.3
20097,75539,28.3,5.9
20099,56325,20.2,16.0
20101,54526,24.4,7.0
20103,89218,36.1,8.8
20105,57500,25.9,11.3
20107,59069,22.7,8.4
20109,75662,25.7,15.0
20111,59912,26.3,14.6
20113,78851,34.3,9.5
20115,64695,30.4,9.2
20117,68419,19.1,11.3
20119,71852,26.5,11.0
20121,89000,31.0,7.9
20123,64246,26.2,12.2
20125,55697,22.6,15.9
20127,58686,29.9,12.1
20129,66447,17.1,14.8
20131,77348,29.9,9.3
20133,56618,23.3,13.1
20135,68616,25.0,11.2
20137,54050,22.5,7.2
20139,74467,21.6,9.7
20141,63011,23.8,8.4
20143,74018,27.7,10.4
20145,63517,18.0,11.5
20147,62123,22.5,15.4
20149,92325,38.2,6.7
20151,66022,25.8,12.3
20153,67742,20.0,6.8
20155,60645,20.4,12.5
20157,56833,21.5,10.6
20159,63925,25.9,7.7
20161,61098,48.9,19.9
20163,62500,23.2,5.5
20165,59970,21.2,11.1
20167,62392,19.7,14.7
20169,65422,29.1,11.9
20171,68839,28.7,6.5
20173,69365,32.1,13.9
20175,63827,11.4,12.2
20177,67104,32.2,12.7
20179,73750,24.3,8.9
20181,61750,24.1,10.2
20183,59135,25.6,7.3
20185,64226,27.1,10.5
20187,71700,24.2,1.5
20189,64178,20.3,14.2
20191,63951,25.9,10.6
20193,71325,34.6,6.5
20195,81528,30.1,5.5
20197,76908,25.0,8.5
20199,63207,24.5,12.3
20201,65482,25.8,9.3
20203,79063,20.1,16.5
20205,60677,19.9,15.5
20207,50326,23.1,12.4
20209,63631,21.2,15.8
21001,53553,21.8,18.4
21003,61403,18.4,13.5
21005,74488,26.2,11.5
21007,66164,18.4,15.0
21009,50628,18.3,19.4
21011,56541,12.3,25.3
21013,31354,15.8,28.8
21015,99414,35.7,6.3
21017,61354,26.3,14.2
21019,61118,20.0,16.9
21021,61159,26.2,15.6
21023,66319,17.8,19.5
21025,34808,15.3,33.1
21027,55843,14.2,21.4
21029,80558,19.5,9.7
21031,56092,9.9,20.5
21033,59583,17.1,15.1
21035,52706,31.2,17.2
21037,77567,39.7,11.1
21039,62439,14.9,15.1
21041,56466,11.4,23.1
21043,51235,15.9,19.2
21045,45510,12.9,21.7
21047,55494,19.6,17.1
21049,64348,22.9,14.6
21051,40900,15.5,32.4
21053,44844,18.0,17.5
21055,46656,15.3,17.7
21057,40000,19.1,24.8
21059,68214,26.2,14.7
21061,54937,10.7,15.3
21063,45776,8.7,25.1
21065,46051,12.2,20.7
21067,69479,48.3,14.9
21069,49307,18.9,21.2
21071,41279,15.3,28.0
21073,65298,31.9,13.6
21075,38217,16.1,22.6
21077,63346,15.0,13.8
21079,63087,18.7,15.9
21081,69178,15.3,11.7
21083,50772,18.4,19.9
21085,50757,16.1,20.1
21087,46798,17.4,20.4
21089,60751,18.8,15.4
21091,65464,17.3,16.2
21093,67647,24.8,13.1
21095,41693,13.0,27.4
21097,66442,22.5,17.1
21099,52285,12.2,19.3
21101,58851,20.1,14.6
21103,63347,15.5,16.4
21105,60867,15.1,20.5
21107,56815,16.9,20.0
21109,40000,8.8,19.5
21111,69866,37.0,14.3
21113,74576,33.5,11.3
21115,44904,16.8,22.8
21117,80548,37.4,11.8
21119,41761,19.5,23.3
21121,32527,13.6,36.9
21123,67067,15.5,17.9
21125,57771,17.5,20.5
21127,46772,14.6,21.8
21129,37568,9.2,27.4
21131,35934,11.5,30.3
21133,41793,12.5,24.4
21135,46838,15.3,22.0
21137,52440,15.9,16.3
21139,58984,14.7,19.3
21141,60382,16.1,16.8
21143,65066,16.5,9.5
21145,64373,29.0,15.2
21147,33750,8.5,38.9
21149,65596,16.8,9.5
21151,63351,34.4,15.1
21153,33080,12.8,38.2
21155,59627,15.1,17.0
21157,65831,21.2,12.3
21159,37042,10.2,33.2
21161,52178,20.0,18.8
21163,74355,20.0,12.2
21165,45096,14.9,26.9
21167,64824,24.9,10.7
21169,51473,13.0,27.5
21171,51280,16.0,22.1
21173,56396,20.9,15.4
21175,47913,18.7,17.1
21177,51927,14.7,18.4
21179,69562,23.8,10.8
21181,59531,9.8,17.6
21183,57798,13.9,12.5
21185,122497,46.4,4.3
21187,61134,18.3,18.3
21189,22188,7.1,36.1
21191,64669,15.4,15.9
21193,42181,14.8,26.8
21195,44312,17.8,24.4
21197,40309,13.8,22.5
21199,51898,18.1,19.7
21201,51830,13.8,21.1
21203,48862,13.7,25.6
21205,54321,25.9,24.2
21207,44738,15.4,23.1
21209,85158,34.7,10.6
21211,82604,32.8,9.7
21213,59858,18.8,15.5
21215,102618,23.6,9.8
21217,60456,23.0,17.5
21219,61103,16.5,20.9
21221,59857,21.7,20.6
21223,66027,17.1,13.3
21225,60327,13.1,18.4
21227,65794,32.3,17.0
21229,61616,19.6,12.7
21231,45739,13.9,24.8
21233,59628,12.8,13.5
21235,44615,20.9,26.3
21237,30417,8.7,37.7
21239,83788,40.7,10.5
22001,45562,13.9,25.0
22003,46469,11.9,23.1
22005,91549,29.1,10.3
22007,51423,13.8,15.3
22009,39325,11.5,27.8
22011,65944,17.1,14.3
22013,35011,13.2,29.2
22015,69617,28.4,15.9
22017,50705,26.0,22.4
22019,67564,24.9,17.4
22021,47028,11.2,29.8
22023,75278,16.8,7.4
22025,50275,16.0,24.3
22027,32831,10.7,32.0
22029,39943,17.2,31.8
22031,48578,16.0,21.5
22033,63071,38.5,19.6
22035,33341,12.2,35.2
22037,73085,19.3,16.2
22039,41915,13.7,24.3
22041,47020,17.5,24.1
22043,64016,15.4,17.0
22045,56961,14.8,22.8
22047,54000,18.6,19.9
22049,44925,14.7,22.3
22051,65252,30.5,16.6
22053,57341,15.4,14.6
22055,67451,35.3,17.1
22057,63135,21.1,17.0
22059,68497,13.1,16.0
22061,39172,36.2,31.2
22063,80122,20.5,12.9
22065,35456,14.1,34.5
22067,39454,13.8,29.3
22069,46292,25.8,25.4
22071,56631,42.4,22.6
22073,54688,28.6,23.2
22075,86315,21.5,12.9
22077,65961,18.4,16.5
22079,54967,23.1,19.9
22081,49167,14.0,25.8
22083,53544,17.6,24.0
22085,50329,13.6,23.7
22087,58651,17.6,23.0
22089,80897,26.9,11.7
22091,41934,11.4,32.4
22093,65531,19.5,11.1
22095,66630,18.2,14.4
22097,44462,14.9,26.8
22099,55960,16.8,15.3
22101,52576,13.6,20.8
22103,81202,37.7,11.4
22105,56760,20.8,19.2
22107,36615,14.6,34.4
22109,64836,18.7,16.0
22111,42885,14.8,29.4
22113,55707,17.6,20.2
22115,57270,19.8,19.0
22117,45380,12.8,24.3
22119,41182,13.3,23.1
22121,87299,23.3,12.9
22123,49134,15.2,16.2
22125,77452,21.6,11.8
22127,48871,14.4,24.3
23001,67873,23.4,14.4
23003,56700,23.4,14.4
23005,95677,53.0,7.3
23007,58675,32.0,12.2
23009,72744,40.1,9.9
23011,69077,31.9,11.6
23013,74096,39.7,8.2
23015,76875,40.2,7.9
23017,60173,24.0,13.8
23019,66356,30.1,14.1
23021,61345,21.6,15.5
23023,87806,44.2,10.0
23025,58179,21.1,14.2
23027,72782,34.4,12.0
23029,56024,24.7,17.1
23031,88333,36.2,7.7
24001,59603,21.1,16.9
24003,124911,45.8,5.6
24005,91768,42.3,9.8
24009,133922,37.0,3.9
24011,68457,16.2,12.2
24013,118211,40.7,5.2
24015,92007,28.0,10.8
24017,122816,33.5,6.9
24019,61839,19.4,17.1
24021,122002,45.8,6.0
24023,67688,25.9,11.2
24025,112265,40.3,7.1
24027,149763,64.5,5.2
24029,80147,39.6,9.7
24031,132450,60.6,7.5
24033,101798,36.7,10.8
24035,112826,38.0,6.4
24037,119446,36.5,8.0
24039,64943,19.4,16.4
24041,84811,42.0,9.3
24043,77747,24.1,12.4
24045,76210,29.5,13.9
24047,81745,35.3,9.9
24510,62177,36.1,19.7
25001,95241,48.2,7.7
25003,76013,40.0,11.4
25005,85625,30.8,11.3
25007,125786,51.9,4.4
25009,101883,43.0,9.4
25011,74907,40.6,12.1
25013,71306,29.3,16.3
25015,87001,51.6,11.3
25017,130847,59.5,7.7
25019,139688,56.3,3.2
25021,130739,58.8,6.7
25023,114201,41.8,7.1
25025,95631,50.6,16.2
25027,95939,39.7,10.3
26001,54993,21.4,12.3
26003,61286,21.0,10.4
26005,83283,27.1,8.4
26007,53950,18.3,18.0
26009,72054,34.3,9.9
26011,58811,16.0,11.7
26013,55327,14.8,15.2
26015,77500,24.9,8.4
26017,61763,22.1,13.2
26019,74834,36.9,9.7
26021,65425,30.9,15.1
26023,63724,17.3,16.4
26025,63177,22.9,13.9
26027,70443,21.8,11.9
26029,76531,35.2,8.7
26031,62875,24.4,12.4
26033,62217,23.3,14.0
26035,49384,12.9,21.6
26037,88210,35.4,9.7
26039,60392,20.3,14.7
26041,57809,20.6,12.7
26043,65156,25.3,10.5
26045,79597,30.8,8.3
26047,78112,41.6,8.5
26049,62281,23.3,16.4
26051,55349,16.9,14.9
26053,52732,22.8,14.4
26055,81647,40.6,9.6
26057,63556,18.7,14.0
26059,64242,21.2,14.4
26061,58899,37.2,16.5
26063,58870,18.5,12.6
26065,65526,41.2,16.7
26067,75611,18.5,10.6
26069,50066,19.3,17.7
26071,55940,22.5,17.0
26073,55237,31.3,21.9
26075,66073,23.4,11.6
26077,72532,41.3,12.7
26079,68578,19.0,12.2
26081,82631,40.8,10.1
26083,52583,41.2,15.2
26085,50805,12.7,20.5
26087,77306,20.4,9.7
26089,99422,51.8,6.5
26091,70518,22.7,10.7
26093,103039,40.2,5.1
26095,54893,17.3,16.7
26097,63909,25.0,16.1
26099,77837,27.7,10.4
26101,63516,24.9,12.7
26103,65429,36.8,14.0
26105,64748,26.6,14.1
26107,60951,22.5,19.9
26109,56435,18.5,12.2
26111,77705,36.6,10.7
26113,66194,18.8,11.3
26115,77335,23.3,10.5
26117,67344,16.0,12.6
26119,49756,15.6,18.2
26121,65024,21.3,14.1
26123,63304,18.1,12.8
26125,97760,51.0,7.7
26127,62417,21.5,13.6
26129,54666,17.2,16.7
26131,54398,18.4,12.5
26133,58267,16.6,15.8
26135,49515,15.6,17.2
26137,68183,26.3,8.0
26139,90502,38.9,8.3
26141,59321,21.4,14.0
26143,55246,20.2,15.5
26145,60622,24.4,18.2
26147,71270,20.3,11.3
26149,66425,16.9,11.4
26151,58863,16.5,15.3
26153,56782,21.1,14.1
26155,67404,20.0,12.0
26157,63811,16.3,12.8
26159,68114,23.0,14.3
26161,89180,58.7,14.2
26163,60539,27.6,20.8
26165,61085,21.3,13.9
27001,60833,20.3,13.1
27003,101869,32.2,7.0
27005,71388,28.0,12.9
27007,68975,31.8,16.1
27009,74410,26.2,9.9
27011,70400,25.7,12.9
27013,74477,34.2,15.7
27015,69378,24.5,8.5
27017,80573,26.5,11.9
27019,125946,50.4,4.4
27021,68874,26.0,12.8
27023,71458,19.3,14.5
27025,99400,24.4,6.0
27027,81172,39.3,13.3
27029,64475,19.8,12.6
27031,72638,46.6,10.2
27033,72941,24.1,15.0
27035,72589,29.3,9.9
27037,106318,45.0,5.8
27039,95739,30.2,7.0
27041,79043,29.7,9.0
27043,66815,21.8,10.4
27045,77512,24.1,8.4
27047,71023,18.2,10.6
27049,84171,27.9,9.3
27051,73917,21.0,11.6
27053,97653,54.1,10.0
27055,79825,30.1,6.6
27057,71995,30.7,10.8
27059,87440,20.7,7.5
27061,68603,25.9,12.2
27063,75743,26.1,8.6
27065,71460,15.7,10.0
27067,76592,27.9,9.1
27069,76100,29.1,9.1
27071,66940,22.0,10.9
27073,74432,23.3,8.1
27075,75541,26.8,8.6
27077,77546,25.4,6.4
27079,94968,26.3,6.4
27081,69694,25.7,11.9
27083,75303,31.1,12.2
27085,80084,20.2,8.7
27087,59441,16.2,18.3
27089,72543,18.7,8.3
27091,59507,23.8,13.1
27093,75446,19.9,9.1
27095,72729,18.2,10.4
27097,69446,18.9,11.0
27099,73074,23.9,10.4
27101,74033,23.5,9.3
27103,79756,36.1,8.0
27105,66101,17.9,14.0
27107,72260,22.8,10.1
27109,95406,49.4,7.5
27111,72255,28.3,8.7
27113,77325,21.0,10.5
27115,71146,17.4,11.1
27117,69628,21.8,10.5
27119,73107,28.0,11.9
27121,76220,23.9,9.4
27123,81568,45.6,12.3
27125,77188,18.6,7.2
27127,67866,22.2,13.3
27129,70625,18.1,11.0
27131,83181,30.2,10.2
27133,71295,26.3,10.6
27135,74474,21.4,12.2
27137,70069,33.6,13.2
27139,119314,44.1,4.6
27141,105466,29.7,5.1
27143,77634,19.4,9.0
27145,77066,28.8,12.9
27147,84196,28.0,8.3
27149,75733,31.2,11.1
27151,60412,24.2,12.0
27153,67662,16.1,11.5
27155,62989,16.6,11.3
27157,82007,26.5,7.1
27159,61467,19.8,12.5
27161,76261,21.0,7.5
27163,115345,49.1,5.1
27165,71699,17.2,13.2
27167,71410,23.0,14.1
27169,70744,32.7,14.8
27171,107209,34.4,5.2
27173,74000,19.7,8.6
28001,43644,20.6,27.0
28003,51260,18.6,15.8
28005,37222,11.2,27.6
28007,51639,19.8,18.0
28009,46016,12.8,21.5
28011,39585,28.0,32.6
28013,43125,12.1,20.4
28015,59327,21.2,17.9
28017,43586,12.0,23.5
28019,50919,20.1,18.4
28021,31897,18.1,30.7
28023,46108,17.5,17.4
28025,43125,17.3,20.9
28027,37461,19.5,35.5
28029,49089,19.7,23.0
28031,45051,17.4,19.8
28033,85297,29.0,9.7
28035,53640,30.6,21.0
28037,52939,19.0,25.4
28039,59758,17.5,18.3
28041,54276,10.5,18.3
28043,48804,21.8,24.6
28045,67708,26.8,13.8
28047,59479,27.5,17.1
28049,49402,31.2,22.7
28051,32538,13.9,36.4
28053,33731,19.6,27.0
28055,31429,8.6,16.2
28057,55546,16.0,15.5
28059,66201,26.7,13.8
28061,48660,12.2,19.4
28063,38305,13.4,32.5
28065,38548,12.7,28.7
28067,52216,20.7,18.7
28069,46431,18.6,24.8
28071,67185,46.5,18.5
28073,70909,34.5,14.7
28075,50817,23.6,26.3
28077,43531,13.2,23.7
28079,50728,15.7,20.5
28081,67863,28.6,14.6
28083,35277,21.2,31.5
28085,51119,19.3,21.2
28087,53812,28.1,17.3
28089,83441,49.6,11.2
28091,45110,13.7,19.7
28093,53458,14.6,23.0
28095,51866,16.4,18.0
28097,41748,19.4,25.2
28099,57013,17.7,23.1
28101,50540,19.3,24.7
28103,33833,10.6,26.3
28105,46695,47.0,25.5
28107,45945,17.7,23.3
28109,58135,17.0,16.5
28111,49634,12.9,18.4
28113,43814,15.3,27.1
28115,51484,18.5,16.7
28117,49724,19.7,16.8
28119,32412,17.1,29.6
28121,79357,33.5,9.8
28123,48786,13.5,22.2
28125,40000,16.1,30.9
28127,56381,16.7,20.0
28129,60916,15.6,17.0
28131,61413,17.2,16.9
28133,39956,16.0,28.9
28135,37466,11.7,24.6
28137,69704,23.6,16.9
28139,52542,17.9,18.9
28141,53040,17.8,18.0
28143,39364,13.7,31.1
28145,55505,19.1,15.1
28147,48905,12.9,18.8
28149,59401,28.8,19.5
28151,42165,22.4,26.4
28153,37619,16.0,22.8
28155,58789,20.9,16.4
28157,35311,8.8,27.4
28159,53031,19.7,26.9
28161,49151,15.6,21.5
28163,39295,15.3,30.8
29001,61536,35.5,22.0
29003,75625,28.8,6.2
29005,58750,22.2,11.6
29007,59448,16.8,17.8
29009,58346,14.6,15.2
29011,51635,17.4,20.2
29013,60733,14.8,15.9
29015,52567,15.0,19.9
29017,63814,13.9,13.6
29019,72758,51.5,16.6
29021,62158,23.9,16.0
29023,49089,15.8,20.5
29025,64806,19.9,10.3
29027,74176,24.6,11.6
29029,66387,26.2,12.6
29031,68464,33.1,13.9
29033,62154,19.3,13.7
29035,50000,10.1,20.8
29037,87535,29.6,6.2
29039,48181,19.0,17.0
29041,71520,22.6,8.8
29043,83437,32.7,8.2
29045,51781,14.9,11.2
29047,88468,36.5,8.5
29049,70627,22.1,12.3
29051,74876,38.9,9.0
29053,70625,24.0,11.7
29055,57629,14.1,14.1
29057,53750,15.1,12.6
29059,53464,16.4,20.5
29061,63984,18.4,11.4
29063,69826,16.4,8.7
29065,56312,16.5,12.2
29067,45985,14.9,17.5
29069,47849,13.2,22.0
29071,73165,23.7,8.2
29073,64232,18.1,12.6
29075,55848,21.6,17.9
29077,61479,33.6,13.6
29079,51975,16.7,17.6
29081,54367,15.7,19.6
29083,57926,16.3,14.3
29085,39390,12.8,19.8
29087,61187,19.6,10.2
29089,65938,28.2,12.0
29091,50993,17.8,20.3
29093,48850,19.0,19.3
29095,68577,34.0,14.1
29097,60694,25.3,17.0
29099,82851,24.7,9.0
29101,67272,29.1,11.8
29103,57788,15.8,11.9
29105,53282,16.3,18.2
29107,80612,26.2,9.3
29109,61215,16.9,14.5
29111,59934,16.8,12.7
29113,89278,18.4,10.2
29115,61635,19.2,13.7
29117,63627,17.5,11.9
29119,52375,12.3,16.8
29121,62357,19.4,9.5
29123,54434,16.3,13.2
29125,59455,16.3,13.5
29127,62903,24.6,14.2
29129,62679,18.1,13.5
29131,56736,19.2,14.4
29133,48160,14.7,19.0
29135,65715,15.8,10.3
29137,54516,18.9,14.2
29139,65500,17.7,13.9
29141,53412,16.6,18.3
29143,51881,14.5,17.7
29145,66301,23.5,13.5
29147,59315,27.9,17.1
29149,43069,12.6,23.6
29151,76681,24.7,8.6
29153,44163,15.3,21.5
29155,40089,12.6,29.6
29157,62981,20.9,13.9
29159,60430,18.4,15.6
29161,58396,32.4,16.8
29163,54989,16.6,16.0
29165,96227,46.5,7.0
29167,59647,22.5,16.3
29169,64466,25.8,12.7
29171,63510,22.6,15.5
29173,65388,17.0,11.4
29175,53033,18.4,13.9
29177,74573,16.2,12.6
29179,45028,15.0,17.3
29181,42037,12.6,24.8
29183,104692,42.7,5.2
29185,53043,14.7,14.7
29186,66339,16.8,8.2
29187,57477,17.2,15.9
29189,82936,47.4,9.8
29195,57931,22.7,16.4
29197,61205,11.8,8.6
29199,68913,15.2,7.3
29201,62782,22.1,12.8
29203,55222,12.8,18.0
29205,51594,18.5,15.9
29207,57957,16.7,15.1
29209,63520,24.8,13.9
29211,56964,15.5,13.7
29213,56497,25.0,15.6
29215,50036,16.5,19.8
29217,52230,16.6,18.8
29219,81209,20.2,8.0
29221,56043,11.7,17.4
29223,47226,12.7,25.7
29225,71155,18.3,15.2
29227,47847,21.1,20.6
29229,47909,15.9,18.7
29510,56160,41.1,20.6
30001,61268,37.7,11.4
30003,58750,17.8,22.1
30005,64813,23.9,18.3
30007,70374,27.3,12.7
30009,80261,34.6,7.8
30011,54167,20.7,15.4
30013,67690,28.4,13.1
30015,58218,23.0,11.2
30017,70605,27.0,11.3
30019,55625,24.2,12.9
30021,71334,21.8,8.7
30023,57527,24.1,16.3
30025,76250,16.2,11.4
30027,63706,24.0,15.1
30029,73925,37.2,9.3
30031,93528,54.3,9.5
30033,69583,21.0,13.4
30035,46875,16.5,31.1
30037,58333,20.9,17.0
30039,59265,34.2,10.2
30041,52798,24.4,20.7
30043,95490,32.2,5.7
30045,59000,31.0,13.3
30047,63360,31.5,17.2
30049,78237,43.0,8.1
30051,57857,27.8,25.8
30053,47143,18.9,15.4
30055,69375,23.3,5.0
30057,75250,32.6,6.2
30059,71932,30.0,12.4
30061,63450,26.1,13.5
30063,75598,47.4,10.1
30065,58920,22.4,17.0
30067,70047,39.8,12.3
30069,60208,30.8,8.1
30071,53417,25.4,10.5
30073,52338,20.1,21.9
30075,67045,26.1,8.1
30077,66923,19.3,5.6
30079,51250,26.9,20.6
30081,71283,28.7,8.8
30083,73084,22.0,6.6
30085,57063,21.2,30.4
30087,49914,20.9,24.5
30089,57476,21.5,15.4
30091,70147,26.2,10.4
30093,61754,28.0,14.8
30095,84732,32.3,8.3
30097,77000,24.4,7.9
30099,70430,26.8,13.4
30101,57731,22.5,12.6
30103,67917,37.5,12.3
30105,71695,25.7,10.1
30107,49489,23.2,23.0
30109,67462,22.5,15.8
30111,76570,34.1,9.2
31001,68365,29.6,12.7
31003,66105,20.5,9.2
31005,76250,36.6,7.2
31007,78839,33.3,7.7
31009,69583,25.0,9.0
31011,74947,19.7,9.6
31013,68892,18.6,10.8
31015,67045,22.3,9.7
31017,54676,24.0,13.4
31019,75911,34.4,9.9
31021,63685,24.9,13.2
31023,79268,24.0,9.7
31025,91836,32.2,5.2
31027,73578,24.0,7.1
31029,68173,24.1,7.5
31031,66270,25.3,8.3
31033,60348,23.2,14.3
31035,78986,22.3,6.9
31037,82530,14.8,6.9
31039,71104,24.9,6.7
31041,67906,24.3,7.1
31043,70329,14.6,11.5
31045,56280,36.2,13.1
31047,69880,17.6,10.8
31049,70096,25.2,9.4
31051,72454,23.4,7.3
31053,74329,22.0,11.0
31055,80391,42.1,11.8
31057,58922,20.2,14.0
31059,76295,22.9,8.8
31061,60195,21.3,12.3
31063,70132,25.7,11.4
31065,61048,24.9,13.0
31067,67247,23.1,12.6
31069,41882,21.1,16.5
31071,62804,29.7,8.8
31073,77500,27.4,10.3
31075,70147,28.6,12.2
31077,63929,21.3,13.1
31079,69251,21.5,14.1
31081,83994,31.3,5.2
31083,70625,29.2,6.7
31085,69250,19.8,12.7
31087,51567,20.9,12.8
31089,68513,29.1,11.7
31091,49464,24.6,6.2
31093,76767,26.0,4.8
31095,59044,20.2,10.1
31097,57632,17.7,9.7
31099,78631,34.5,7.2
31101,60645,22.7,10.4
31103,64000,20.6,7.2
31105,56712,15.0,12.2
31107,64636,19.0,13.7
31109,74793,41.9,11.9
31111,65148,22.7,12.4
31113,74271,24.1,5.6
31115,71667,27.2,6.9
31117,58684,25.7,12.2
31119,63128,23.7,13.1
31121,68354,18.3,7.9
31123,58500,19.4,13.9
31125,65179,20.1,16.6
31127,60924,29.4,13.3
31129,73976,23.1,5.7
31131,82188,27.2,9.1
31133,62188,21.2,13.5
31135,72778,25.8,7.2
31137,68919,29.9,12.2
31139,72357,23.7,7.6
31141,71552,23.0,9.8
31143,69768,20.0,7.9
31145,63697,24.8,14.0
31147,60108,23.8,10.5
31149,58125,27.1,10.8
31151,79910,21.8,8.9
31153,103321,42.6,5.6
31155,94066,32.6,6.3
31157,63614,27.0,12.9
31159,82444,33.2,7.4
31161,60121,24.2,11.3
31163,63578,20.5,8.6
31165,53929,22.4,14.9
31167,80687,24.1,9.4
31169,66213,23.8,9.0
31171,65000,28.7,8.9
31173,69177,22.2,13.9
31175,61852,25.3,9.3
31177,94396,36.8,6.4
31179,66215,30.4,13.2
31181,64347,21.2,9.6
31183,70250,30.3,5.2
31185,77757,25.7,9.2
32001,79163,17.7,8.1
32003,76472,27.8,13.0
32005,90754,31.6,9.0
32007,86487,17.8,9.8
32009,41715,21.1,12.4
32011,70473,17.1,24.9
32013,81073,19.3,10.6
32015,89014,19.3,10.7
32017,72307,20.4,5.0
32019,80812,17.0,11.7
32021,54855,13.2,18.5
32023,60714,13.3,14.1
32027,66902,6.1,11.8
32029,93409,31.2,7.1
32031,88096,34.2,10.7
32033,72865,12.4,8.2
32510,72355,23.7,10.3
33001,92783,33.6,8.5
33003,86463,38.6,7.6
33005,83329,35.5,8.7
33007,57677,20.1,13.2
33009,88261,46.7,10.4
33011,103545,41.5,6.7
33013,97004,38.9,7.6
33015,118331,45.7,4.8
33017,88570,39.3,8.7
33019,80858,30.3,10.1
34001,78050,31.8,13.2
34003,124884,53.1,6.8
34005,108111,42.5,6.6
34007,88755,36.3,12.4
34009,91128,39.0,8.7
34011,67436,18.9,15.6
34013,80789,39.1,14.6
34015,105115,36.8,7.7
34017,91795,48.9,14.9
34019,141715,57.4,4.0
34021,100645,45.4,10.3
34023,111549,45.6,8.6
34025,124845,51.3,6.5
34027,137326,57.8,4.9
34029,89863,34.4,10.5
34031,87522,30.9,13.0
34033,79960,25.0,12.7
34035,140374,57.8,5.4
34037,116186,40.3,5.5
34039,103202,38.9,9.2
34041,100869,36.5,8.3
35001,69473,38.2,15.2
35003,49864,31.2,24.8
35005,52938,17.9,24.3
35006,50759,17.0,28.4
35007,53554,25.4,18.2
35009,57309,23.3,20.5
35011,,9.3,15.5
35013,56848,31.7,21.3
35015,78426,19.3,13.8
35017,44958,30.7,19.5
35019,42750,16.4,25.5
35021,48553,33.3,19.4
35023,48882,18.3,23.1
35025,68015,15.5,18.7
35027,53303,32.2,19.3
35028,147139,69.7,3.5
35029,36419,14.6,28.6
35031,47668,13.3,33.2
35033,53663,34.3,21.4
35035,55876,22.7,19.3
35037,41946,19.6,27.1
35039,57155,19.0,18.2
35041,52685,21.2,21.8
35043,86636,33.8,10.0
35045,55872,18.3,23.1
35047,49431,26.5,24.4
35049,79071,46.1,12.0
35051,41600,17.0,21.4
35053,36570,19.0,33.2
35055,58950,38.5,15.5
35057,57842,16.6,18.3
35059,46694,18.4,16.6
35061,58933,20.9,18.1
36001,85333,46.4,13.0
36003,62869,24.9,16.2
36005,48676,22.4,27.8
36007,62616,31.0,18.5
36009,59540,21.1,19.1
36011,67904,24.6,13.5
36013,58351,25.1,17.4
36015,63716,27.2,16.3
36017,62948,19.6,11.8
36019,71224,27.6,13.7
36021,81528,39.4,12.1
36023,70418,29.1,12.8
36025,63337,27.6,14.4
36027,99478,41.6,8.4
36029,72839,38.0,13.9
36031,71661,32.8,11.2
36033,65151,23.8,18.2
36035,66533,20.9,13.1
36037,73314,23.8,10.6
36039,77945,29.9,9.9
36041,68835,33.2,10.6
36043,68515,22.7,13.4
36045,66301,26.5,13.7
36047,80263,42.1,19.1
36049,68182,18.6,12.3
36051,74001,30.6,11.1
36053,75499,29.6,10.0
36055,76382,41.5,13.6
36057,64943,22.9,14.6
36059,146202,49.7,5.4
36061,103931,64.2,16.5
36063,69633,28.0,13.5
36065,70154,27.8,15.5
36067,76945,39.2,13.8
36069,82324,38.0,9.0
36071,97178,32.5,12.6
36073,65969,17.9,12.7
36075,69183,21.6,16.3
36077,68885,34.4,12.5
36079,126257,45.5,7.1
36081,86136,36.1,12.9
36083,87915,37.6,11.8
36085,98333,35.7,11.5
36087,109959,42.7,16.2
36089,62850,25.3,16.9
36091,100787,45.4,7.1
36093,79623,36.1,13.3
36095,70133,26.2,11.7
36097,67663,26.4,14.8
36099,68089,25.2,13.5
36101,65887,26.3,13.8
36103,130686,40.2,6.4
36105,72382,30.1,15.9
36107,72739,25.3,13.4
36109,74024,58.8,16.4
36111,86271,38.2,14.6
36113,78442,36.4,10.5
36115,73495,22.4,10.7
36117,74506,25.6,11.4
36119,118976,53.1,9.0
36121,69110,18.2,11.1
36123,69701,25.5,12.7
37001,65651,28.7,13.4
37003,65354,16.7,12.6
37005,47172,23.6,16.0
37007,47302,9.9,21.7
37009,56866,25.9,13.5
37011,61428,25.0,10.2
37013,58357,21.2,17.8
37015,48750,19.0,16.1
37017,42422,19.5,22.0
37019,77024,34.7,9.2
37021,74436,45.9,11.8
37023,58592,21.0,15.6
37025,89005,37.9,9.3
37027,56425,18.8,13.4
37029,91078,28.6,6.1
37031,72322,34.5,10.1
37033,59755,17.9,18.6
37035,67864,26.1,12.7
37037,94317,48.9,11.0
37039,53628,24.2,12.4
37041,53864,25.0,19.1
37043,56971,31.8,12.9
37045,58534,22.0,16.6
37047,49442,14.6,18.2
37049,65873,27.5,13.7
37051,61291,27.8,16.7
37053,93511,30.9,7.5
37055,88994,43.2,6.6
37057,64172,21.7,12.8
37059,75057,27.3,9.4
37061,55148,17.6,20.5
37063,82316,55.2,11.5
37065,51265,17.5,21.7
37067,67165,38.5,14.5
37069,74240,27.0,11.1
37071,67478,26.5,13.5
37073,66333,10.9,9.4
37075,49684,17.6,6.7
37077,71111,25.2,15.2
37079,53244,12.2,21.0
37081,68642,39.0,14.6
37083,45590,16.1,22.8
37085,71287,24.5,13.7
37087,61912,29.5,13.1
37089,68187,36.5,11.6
37091,45537,16.6,22.9
37093,64912,23.5,17.1
37095,53713,14.7,22.2
37097,81419,34.1,10.0
37099,55815,31.1,18.0
37101,83384,28.9,10.6
37103,59641,19.8,18.4
37105,65387,21.3,16.5
37107,45143,16.3,22.0
37109,80016,28.3,11.2
37111,57168,18.1,14.8
37113,59061,27.9,11.6
37115,58531,32.2,12.1
37117,48578,16.7,20.4
37119,87005,49.2,10.4
37121,57602,24.2,12.9
37123,57766,19.2,15.4
37125,86080,41.0,10.1
37127,62426,22.1,11.8
37129,75166,45.4,12.3
37131,50086,17.9,21.1
37133,68148,26.0,11.6
37135,90089,61.8,12.5
37137,59717,25.4,15.2
37139,66589,27.6,11.0
37141,80396,30.6,9.7
37143,67917,21.7,9.8
37145,63300,19.3,17.5
37147,58188,33.8,19.8
37149,67758,36.2,14.0
37151,61022,17.9,14.5
37153,44883,16.0,25.2
37155,41978,14.7,27.2
37157,57053,17.0,16.3
37159,65725,23.3,16.0
37161,51410,21.5,16.8
37163,52432,16.2,21.8
37165,45730,16.6,25.8
37167,60704,19.9,15.2
37169,62969,18.2,11.2
37171,55656,20.4,16.8
37173,52349,21.4,19.1
37175,66184,40.0,13.2
37177,41685,13.0,18.7
37179,102900,40.5,7.7
37181,50465,17.2,19.8
37183,105768,57.2,8.1
37185,50638,18.9,21.1
37187,41813,14.8,24.1
37189,51693,48.1,25.5
37191,59733,21.7,17.3
37193,51721,16.9,16.7
37195,56423,21.7,19.8
37197,62932,17.5,14.0
37199,58709,25.1,15.2
38001,62500,24.4,14.8
38003,68038,30.7,12.1
38005,64033,21.9,25.6
38007,86806,32.6,10.8
38009,85000,30.4,7.6
38011,72109,27.0,13.4
38013,91591,22.8,5.9
38015,86851,39.1,7.9
38017,75555,42.6,11.0
38019,69531,22.1,8.5
38021,68654,28.9,11.8
38023,91852,26.7,9.3
38025,97689,25.2,7.4
38027,50850,30.5,14.2
38029,66538,22.2,9.1
38031,87831,28.5,8.8
38033,68021,22.6,19.8
38035,68075,38.0,13.2
38037,57875,20.7,16.6
38039,61711,26.0,11.7
38041,73026,22.0,11.0
38043,65610,26.2,10.2
38045,80664,25.3,8.7
38047,62750,25.8,12.4
38049,80733,20.3,9.7
38051,64419,20.9,12.2
38053,93404,19.1,12.0
38055,83583,26.1,8.9
38057,80946,23.3,9.7
38059,79382,28.8,8.0
38061,80717,22.7,14.5
38063,67193,29.4,7.2
38065,77240,23.0,5.2
38067,68393,24.6,9.2
38069,59365,28.2,10.8
38071,61006,25.7,15.2
38073,75736,22.9,10.4
38075,74301,19.7,9.1
38077,75432,24.9,9.7
38079,59517,18.0,24.3
38081,77946,18.2,6.9
38083,62639,18.9,10.1
38085,42083,16.3,43.3
38087,71250,29.3,5.0
38089,84449,30.0,12.1
38091,77500,28.9,12.9
38093,61856,25.9,12.6
38095,67350,23.5,8.5
38097,87004,30.9,9.1
38099,71944,19.2,11.2
38101,78238,29.6,8.6
38103,66114,21.7,9.1
38105,85595,24.4,8.6
39001,50264,14.9,20.2
39003,64038,20.1,13.3
39005,69860,22.6,13.3
39007,57728,16.1,17.6
39009,56001,34.9,21.5
39011,78660,21.6,7.1
39013,57017,18.9,15.8
39015,71270,15.7,19.6
39017,81590,32.8,11.8
39019,64835,16.1,12.9
39021,75556,19.0,8.0
39023,63132,20.2,15.2
39025,85510,31.6,9.1
39027,70407,19.3,12.9
39029,58180,17.1,15.2
39031,55577,16.7,18.5
39033,58044,17.2,11.8
39035,64468,36.5,16.1
39037,64486,16.5,11.0
39039,73064,19.0,10.5
39041,133540,59.4,4.7
39043,71993,29.0,13.0
39045,90966,32.3,8.0
39047,63275,14.4,15.5
39049,75176,42.1,14.7
39051,72864,20.2,9.4
39053,56830,20.5,16.4
39055,107860,40.9,5.6
39057,87309,41.7,9.8
39059,58478,15.6,15.3
39061,72470,41.8,15.0
39063,73141,30.3,9.9
39065,62484,19.5,17.3
39067,54414,11.5,13.1
39069,80099,19.5,8.7
39071,65785,16.3,14.1
39073,62960,13.5,16.0
39075,76140,11.1,9.3
39077,67878,16.7,13.2
39079,57106,15.9,18.5
39081,59055,20.3,16.5
39083,73878,24.7,11.6
39085,80925,31.6,8.3
39087,58325,18.5,17.7
39089,84426,29.3,10.2
39091,71551,18.7,11.1
39093,73347,28.5,12.1
39095,62224,29.4,17.7
39097,87045,24.2,8.5
39099,56942,27.0,18.9
39101,59371,14.7,16.6
39103,94968,36.2,6.3
39105,46873,12.2,21.8
39107,76782,21.9,7.3
39109,76817,26.8,9.4
39111,60134,12.1,15.2
39113,66139,31.3,15.0
39115,59351,14.4,12.9
39117,75283,19.4,12.8
39119,60780,20.6,15.1
39121,56098,15.7,10.6
39123,76101,29.5,8.4
39125,67731,16.9,8.9
39127,67460,16.2,14.7
39129,74040,21.7,11.5
39131,52736,16.3,21.3
39133,75766,32.5,11.7
39135,69223,18.5,12.6
39137,84928,26.4,5.5
39139,59509,17.9,13.8
39141,61303,17.4,15.7
39143,62295,18.4,15.0
39145,50609,18.2,21.8
39147,66025,20.6,11.9
39149,73978,21.4,11.6
39151,67934,25.9,12.5
39153,71622,35.8,12.8
39155,56435,20.9,16.6
39157,65044,19.8,13.4
39159,112322,39.2,5.0
39161,67917,17.1,9.0
39163,55336,13.4,17.3
39165,110132,45.6,6.0
39167,63603,21.9,13.7
39169,73574,25.1,9.4
39171,61048,13.7,12.7
39173,74216,36.5,12.2
39175,69768,19.6,8.8
40001,48041,12.3,21.5
40003,64615,20.1,16.5
40005,54785,16.9,17.3
40007,64276,22.0,13.3
40009,53328,12.9,21.7
40011,61642,18.1,17.4
40013,57225,26.5,16.6
40015,55353,15.8,18.3
40017,87751,31.9,8.0
40019,60723,19.9,16.2
40021,53218,29.2,18.2
40023,44081,15.2,23.2
40025,62188,33.4,7.4
40027,77068,36.2,12.9
40029,50423,18.3,20.8
40031,60761,24.3,18.1
40033,58425,23.1,20.5
40035,51922,15.3,19.0
40037,62338,18.7,14.5
40039,59738,31.7,16.4
40041,56676,19.9,19.0
40043,62569,22.4,14.1
40045,61016,21.4,13.0
40047,66182,23.3,12.5
40049,58556,18.3,17.0
40051,75419,22.8,12.2
40053,60758,23.1,17.5
40055,59406,14.0,16.9
40057,43333,13.4,22.7
40059,64053,29.3,13.1
40061,49806,15.5,20.8
40063,51581,16.0,20.2
40065,62799,24.8,16.2
40067,48668,16.0,23.1
40069,52688,20.5,22.9
40071,58423,19.2,16.0
40073,71975,24.3,12.8
40075,44962,16.7,22.9
40077,41405,10.6,20.7
40079,51565,15.4,19.4
40081,62216,16.1,17.3
40083,83899,31.4,11.6
40085,66580,16.6,15.0
40087,84552,28.7,8.5
40089,51929,16.3,21.2
40091,46281,15.9,21.1
40093,71266,20.1,11.0
40095,57245,18.2,16.1
40097,60305,18.0,16.2
40099,66322,19.6,12.7
40101,53619,18.8,19.1
40103,66365,18.2,12.9
40105,54333,16.8,17.2
40107,48363,14.3,25.8
40109,66679,35.9,16.0
40111,54029,17.7,18.0
40113,62847,22.7,13.1
40115,49947,15.0,20.9
40117,58738,16.9,18.2
40119,49809,39.7,22.6
40121,55310,20.2,17.7
40123,63017,30.3,12.6
40125,61398,20.4,15.9
40127,47940,15.6,20.7
40129,66094,24.9,14.7
40131,80067,26.7,8.9
40133,48062,15.9,21.7
40135,51093,15.2,20.2
40137,61620,20.6,18.0
40139,60069,22.1,15.7
40141,48939,16.8,21.0
40143,69009,34.4,14.7
40145,81207,27.7,9.2
40147,60162,30.1,16.1
40149,63501,20.3,14.1
40151,53275,32.5,19.9
40153,61417,20.7,14.0
41001,60936,26.1,14.9
41003,77702,54.2,18.2
41005,103517,40.5,7.7
41007,71822,28.7,12.3
41009,87458,19.8,8.9
41011,62143,22.6,16.1
41013,81965,21.3,11.3
41015,62244,22.1,15.2
41017,92758,45.0,8.8
41019,61310,19.3,16.3
41021,66917,21.0,15.3
41023,59450,17.7,12.8
41025,55208,18.3,13.7
41027,88947,41.0,8.0
41029,73999,31.7,12.4
41031,76260,21.2,13.4
41033,60098,19.7,15.6
41035,58830,22.7,18.3
41037,62787,21.1,14.9
41039,71544,34.0,15.3
41041,63165,28.6,15.9
41043,76329,21.6,13.0
41045,54519,15.2,17.6
41047,77351,26.0,13.0
41049,75448,10.1,13.2
41051,88766,48.9,12.6
41053,85118,31.2,12.7
41055,60161,16.0,22.0
41057,69105,26.2,12.7
41059,67728,18.3,11.8
41061,65661,26.1,16.1
41063,67112,38.2,7.8
41065,64175,22.4,11.6
41067,107772,47.5,8.1
41069,55284,18.8,10.8
41071,90063,29.6,10.3
42001,84092,25.8,8.2
42003,78548,45.8,11.5
42005,65008,19.0,11.8
42007,71089,28.7,9.9
42009,59992,16.1,11.6
42011,79777,27.7,12.2
42013,62382,24.4,12.0
42015,63675,20.6,12.6
42017,114764,44.8,6.1
42019,89843,39.4,8.1
42021,58418,23.9,14.2
42023,50573,12.6,13.5
42025,67554,19.2,12.3
42027,74291,46.2,16.3
42029,127208,57.1,6.0
42031,62649,23.6,13.1
42033,62152,20.2,14.6
42035,60816,21.5,14.8
42037,64644,26.6,13.7
42039,60476,21.1,14.3
42041,87494,40.0,7.5
42043,76242,34.4,12.9
42045,89546,41.9,10.2
42047,66380,20.6,8.7
42049,63354,30.3,15.0
42051,58236,19.1,16.8
42053,52191,12.3,11.9
42055,77003,24.7,8.5
42057,65836,17.7,11.2
42059,68041,21.7,13.5
42061,65557,19.2,10.6
42063,60208,27.0,14.0
42065,58686,18.4,14.1
42067,66318,15.0,9.7
42069,66223,30.6,14.4
42071,86959,32.4,8.2
42073,61931,23.4,11.9
42075,78425,24.3,10.1
42077,80079,34.2,11.6
42079,63691,25.3,15.3
42081,63917,24.8,12.8
42083,62905,20.8,13.7
42085,59976,25.6,13.2
42087,63953,14.9,16.2
42089,83565,27.4,10.7
42091,113915,53.0,6.5
42093,76976,38.7,8.8
42095,89184,34.7,8.8
42097,60583,19.4,12.6
42099,79444,20.2,8.0
42101,61953,35.4,21.4
42103,81323,29.7,9.8
42105,59020,18.2,13.0
42107,68313,19.9,12.8
42109,66876,20.6,9.4
42111,61446,17.9,11.0
42113,69764,21.5,11.6
42115,68487,19.5,11.4
42117,64899,22.3,11.7
42119,76404,26.5,9.0
42121,61522,19.1,13.2
42123,60480,19.9,10.8
42125,78958,32.9,9.6
42127,62381,23.4,12.1
42129,74109,32.8,10.3
42131,72460,22.1,11.5
42133,84829,27.6,8.4
44001,114490,53.0,6.5
44003,94345,34.7,7.5
44005,103514,54.1,8.5
44007,78787,32.3,13.4
44009,106638,52.4,8.2
45001,52935,20.4,15.7
45003,70609,31.9,14.3
45005,32328,14.3,28.2
45007,66651,26.5,14.6
45009,44370,17.9,24.3
45011,46626,13.9,25.0
45013,86573,46.0,9.6
45015,84358,31.0,9.9
45017,58682,24.5,12.9
45019,88494,50.3,11.3
45021,50288,18.4,18.4
45023,52458,14.0,18.7
45025,49235,13.6,20.3
45027,52401,18.2,15.4
45029,51114,17.4,19.6
45031,48581,19.9,21.1
45033,46605,13.8,27.7
45035,78198,29.8,11.4
45037,73029,23.3,17.8
45039,47885,15.2,15.6
45041,58305,24.4,18.7
45043,68713,32.8,15.0
45045,76932,41.3,10.8
45047,52830,24.7,15.1
45049,44711,12.1,20.7
45051,66880,27.1,13.2
45053,65613,26.0,17.8
45055,68231,24.0,13.2
45057,78869,33.6,11.4
45059,57623,17.6,18.1
45061,44760,11.6,25.0
45063,77408,34.1,11.1
45065,55798,24.0,17.6
45067,36301,14.5,30.0
45069,34301,9.0,28.5
45071,61780,23.1,17.4
45073,62388,28.7,17.6
45075,45675,19.4,22.4
45077,61064,28.5,17.2
45079,63784,40.7,17.2
45081,51009,20.4,18.7
45083,66234,25.1,14.5
45085,56693,23.5,16.6
45087,41621,15.0,22.6
45089,46213,17.4,23.3
45091,89095,39.3,8.4
46003,72885,21.4,10.6
46005,67681,27.2,13.6
46007,53750,18.3,29.9
46009,64435,19.6,10.6
46011,70064,42.5,13.2
46013,70898,33.8,11.7
46015,73720,28.7,10.7
46017,47045,9.9,33.9
46019,75652,19.9,8.6
46021,68929,36.0,7.7
46023,64038,25.7,24.0
46025,70726,19.7,10.9
46027,56850,45.4,19.7
46029,72727,21.4,8.8
46031,46406,19.0,44.2
46033,84112,31.6,9.0
46035,66208,22.6,11.2
46037,66033,22.0,14.8
46039,83112,25.1,8.8
46041,54104,18.8,33.0
46043,86442,24.9,11.0
46045,81630,28.2,9.9
46047,67917,29.4,16.6
46049,57750,22.6,28.3
46051,75028,25.3,11.6
46053,62917,22.2,9.5
46055,65625,21.5,7.7
46057,87101,24.5,6.9
46059,74635,28.4,5.2
46061,81071,22.5,7.0
46063,80441,30.4,6.3
46065,81395,39.0,9.2
46067,73977,28.8,12.2
46069,73472,20.3,5.7
46071,35417,12.4,42.4
46073,73750,21.3,8.3
46075,65119,27.4,18.3
46077,74000,23.1,10.6
46079,76808,34.6,8.4
46081,73384,32.9,11.6
46083,99166,44.4,5.6
46085,67143,24.5,23.7
46087,83852,29.9,6.8
46089,66906,26.5,12.9
46091,78156,25.4,6.1
46093,74790,27.8,7.1
46095,54076,19.1,41.7
46097,76140,16.7,11.2
46099,76880,35.2,8.8
46101,78427,30.4,11.6
46102,41417,11.8,57.6
46103,74517,34.6,11.2
46105,66908,24.9,13.7
46107,72045,27.2,6.2
46109,65130,18.6,15.7
46111,78750,21.3,8.5
46115,70139,28.2,10.1
46117,87712,28.2,5.1
46119,72578,24.1,6.3
46121,42075,16.6,48.4
46123,58987,17.7,18.4
46125,75771,27.3,9.3
46127,89636,37.0,6.2
46129,65026,29.6,14.9
46135,72821,31.4,11.9
46137,53958,15.2,33.5
47001,66183,27.5,13.4
47003,67225,17.2,12.6
47005,51746,12.8,17.8
47007,54720,12.4,20.7
47009,77365,28.6,8.4
47011,66552,24.4,12.7
47013,51557,12.7,18.5
47015,59443,16.8,18.3
47017,51787,18.1,17.0
47019,50135,20.6,17.1
47021,89852,26.6,7.7
47023,59341,22.0,16.1
47025,49379,18.2,17.4
47027,39972,11.5,24.2
47029,48016,11.0,21.9
47031,61505,21.4,17.4
47033,62165,16.6,14.5
47035,60375,19.1,14.4
47037,77853,48.4,13.9
47039,45375,14.0,22.1
47041,53153,20.8,18.6
47043,75003,22.0,10.9
47045,58154,21.1,16.3
47047,88456,27.3,10.3
47049,51149,14.6,21.0
47051,63494,23.9,12.0
47053,62755,20.5,13.7
47055,62307,20.1,12.8
47057,50538,15.9,17.1
47059,56194,18.7,15.4
47061,47593,14.3,18.9
47063,55454,20.0,18.4
47065,76183,37.5,13.1
47067,34960,10.8,32.2
47069,46069,12.2,19.0
47071,49956,15.1,21.5
47073,56936,16.2,15.2
47075,50472,14.5,21.5
47077,55136,16.1,16.9
47079,50613,19.1,18.3
47081,68247,13.9,10.6
47083,59576,13.6,11.1
47085,60616,15.7,14.8
47087,47951,15.0,20.3
47089,66114,20.8,11.4
47091,53129,17.5,21.4
47093,74222,41.0,12.2
47095,28814,9.4,32.2
47097,49879,12.0,21.0
47099,54706,15.2,15.0
47101,56285,10.3,16.7
47103,64667,20.6,12.9
47105,84185,29.4,12.6
47107,61470,18.6,13.0
47109,53473,13.0,16.5
47111,59177,12.5,17.2
47113,60042,26.6,18.2
47115,61824,17.1,16.3
47117,71049,23.1,11.8
47119,76130,28.0,9.8
47121,61375,13.5,14.3
47123,56895,17.1,15.5
47125,75613,31.1,11.3
47127,66469,24.1,8.0
47129,65954,13.6,15.1
47131,54613,18.3,18.6
47133,48959,15.0,16.3
47135,55972,14.2,18.1
47137,49030,18.9,23.9
47139,62522,16.6,13.9
47141,58912,29.8,18.4
47143,55033,18.6,15.9
47145,71885,22.1,12.0
47147,83047,22.4,10.4
47149,85470,35.8,9.3
47151,44711,12.9,23.1
47153,58750,20.6,21.9
47155,62581,21.8,13.5
47157,63767,34.3,17.8
47159,66293,18.5,10.0
47161,63114,17.6,16.4
47163,58807,26.8,15.4
47165,90301,33.6,8.8
47167,74127,20.7,13.6
47169,72747,14.3,11.9
47171,52218,21.3,14.3
47173,62727,14.2,13.8
47175,54931,13.7,16.1
47177,55487,14.1,15.7
47179,62809,34.3,15.5
47181,52294,13.8,20.0
47183,51880,22.7,19.0
47185,52188,15.1,13.2
47187,135594,62.7,4.6
47189,95839,37.8,8.0
48001,62068,15.4,17.4
48003,72242,17.7,15.6
48005,60960,17.9,15.8
48007,69466,28.8,14.2
48009,72159,25.4,9.2
48011,72750,27.2,5.2
48013,70770,15.7,15.8
48015,75789,25.1,12.0
48017,61420,15.2,12.0
48019,75813,27.2,13.5
48021,86226,25.0,10.2
48023,45370,25.3,21.8
48025,57673,14.0,17.6
48027,68865,27.2,14.5
48029,72341,31.8,14.6
48031,92425,35.4,8.4
48033,65625,36.9,7.4
48035,68914,20.4,9.3
48037,59803,23.6,16.2
48039,97993,33.1,7.4
48041,58553,43.0,24.3
48043,56212,45.5,8.9
48045,45417,23.1,16.8
48047,47764,17.0,19.4
48049,57470,20.2,15.3
48051,70000,23.5,12.7
48053,78732,28.5,8.0
48055,69758,19.3,13.2
48057,79959,20.1,7.7
48059,72436,24.0,9.6
48061,52601,22.1,24.8
48063,58843,22.2,19.9
48065,85231,26.4,7.4
48067,53813,18.9,17.5
48069,56776,18.6,19.2
48071,109804,21.9,11.9
48073,61261,18.9,18.2
48075,58654,11.8,15.3
48077,80114,22.4,8.4
48079,45313,8.2,27.8
48081,43333,23.0,22.9
48083,49159,16.8,19.6
48085,121600,56.2,6.2
48087,61280,25.6,21.8
48089,66377,22.9,10.7
48091,101889,43.3,6.5
48093,59635,21.4,16.2
48095,65795,14.1,11.4
48097,73932,23.7,13.5
48099,71301,19.3,11.2
48101,59063,21.1,17.1
48103,62212,12.6,10.9
48105,81022,10.7,9.3
48107,52188,15.4,20.1
48109,58777,15.8,19.5
48111,71500,11.9,11.5
48113,76547,35.7,13.9
48115,54360,12.7,19.6
48117,60799,11.4,17.7
48119,66575,14.9,11.4
48121,111498,49.4,7.1
48123,63730,16.9,17.6
48125,49335,18.0,18.0
48127,38808,9.8,41.1
48129,58750,16.6,7.9
48131,49038,6.8,33.3
48133,53549,21.8,16.2
48135,71536,17.6,16.5
48137,40313,26.1,31.9
48139,99595,30.1,6.9
48141,59806,25.9,18.7
48143,65115,32.1,16.6
48145,57247,19.5,14.7
48147,72295,19.5,13.7
48149,75854,27.5,8.6
48151,65533,17.1,13.7
48153,58462,14.9,17.9
48155,61563,20.6,5.6
48157,114041,50.2,7.6
48159,72360,27.8,11.7
48161,59960,16.5,12.3
48163,66010,11.9,19.5
48165,74132,11.7,6.8
48167,86105,34.8,11.7
48169,46314,10.2,8.4
48171,76162,37.2,9.2
48173,101250,29.2,8.9
48175,59359,21.4,13.0
48177,58672,11.9,15.8
48179,59614,16.2,15.7
48181,72182,23.9,11.2
48183,66550,22.9,16.1
48185,69803,19.7,14.6
48187,92375,31.4,9.3
48189,51897,15.3,20.5
48191,48459,21.4,16.3
48193,58219,26.8,16.5
48195,69441,36.4,8.6
48197,63333,16.8,10.7
48199,75808,21.0,12.1
48201,74983,34.2,16.3
48203,66103,22.7,15.6
48205,75841,20.7,9.4
48207,60653,22.8,16.6
48209,89097,43.2,12.1
48211,61563,21.9,6.2
48213,65179,20.7,14.7
48215,54338,20.6,26.7
48217,64591,18.0,14.7
48219,63140,18.9,13.1
48221,88160,32.9,7.7
48223,70888,21.9,11.9
48225,56531,14.8,15.0
48227,69649,15.7,13.8
48229,48600,9.6,17.3
48231,71938,22.6,11.8
48233,67228,16.8,13.3
48235,70357,28.3,10.8
48237,68079,14.5,13.0
48239,65414,16.6,14.1
48241,56723,14.0,20.7
48243,59286,35.9,23.9
48245,60026,19.7,19.5
48247,42211,14.8,31.4
48249,51896,16.3,24.7
48251,84859,25.2,10.0
48253,59464,12.0,14.1
48255,60214,14.3,19.1
48257,89485,26.5,9.7
48259,114962,48.9,5.0
48261,38882,13.0,15.3
48263,72889,26.3,9.9
48265,69395,31.3,11.4
48267,69455,27.1,11.7
48269,46645,38.9,23.7
48271,70000,11.8,8.4
48273,61292,23.2,28.1
48275,56667,13.5,15.7
48277,61880,21.6,19.0
48279,60760,14.3,15.0
48281,81736,24.3,9.1
48283,57716,11.8,21.4
48285,63240,22.2,11.5
48287,76371,20.9,11.3
48289,61449,18.6,16.4
48291,68703,11.9,18.7
48293,60573,18.5,17.1
48295,72560,22.4,11.5
48297,57150,15.9,17.1
48299,67530,32.4,12.0
48301,51250,0.0,6.1
48303,64155,33.4,17.1
48305,73679,26.8,15.2
48307,54043,23.9,15.3
48309,66643,28.7,16.6
48311,43875,20.1,12.3
48313,74596,18.4,10.9
48315,49672,15.6,18.3
48317,93734,20.9,8.3
48319,74180,38.8,7.0
48321,58628,22.2,20.7
48323,49568,14.3,22.8
48325,78074,23.1,9.6
48327,53043,24.0,18.9
48329,92874,31.0,11.3
48331,66141,20.6,12.9
48333,67620,27.9,7.2
48335,60550,11.5,13.8
48337,64545,18.9,14.2
48339,97701,38.8,9.4
48341,61762,12.3,18.3
48343,58645,16.0,19.5
48345,61154,19.3,16.1
48347,53555,28.2,21.8
48349,63111,18.2,17.1
48351,42618,6.8,19.0
48353,50747,16.0,22.5
48355,66897,23.8,17.4
48357,70183,20.7,11.8
48359,79900,21.4,20.7
48361,72104,17.7,12.5
48363,67674,17.8,16.7
48365,64894,17.0,11.2
48367,104443,32.3,8.0
48369,69735,16.9,10.2
48371,72750,14.1,21.6
48373,62259,16.2,17.5
48375,53249,18.6,20.8
48377,43802,28.0,32.0
48379,65413,20.9,10.0
48381,83864,33.7,9.7
48383,57813,13.6,11.8
48385,39605,21.1,17.9
48387,48491,15.4,15.6
48389,64297,7.4,16.8
48391,60181,14.0,14.6
48393,67868,20.5,5.6
48395,72236,22.0,13.5
48397,127981,44.5,4.0
48399,62632,19.1,11.0
48401,68658,17.5,14.4
48403,66585,14.3,11.0
48405,50408,13.8,27.1
48407,65364,16.2,18.4
48409,69704,17.5,14.8
48411,55819,24.0,10.7
48413,86694,18.4,9.9
48415,60039,13.0,11.6
48417,73047,34.1,9.5
48419,49776,15.1,20.6
48421,61250,30.2,10.4
48423,74192,28.6,11.6
48425,79825,29.3,7.5
48427,37639,13.6,33.5
48429,58008,17.2,14.6
48431,64954,24.5,4.3
48433,56875,16.9,14.9
48435,78906,18.3,4.5
48437,36165,15.5,30.1
48439,84207,34.8,11.1
48441,67139,29.3,14.7
48443,44886,26.9,7.7
48445,44100,9.8,18.3
48447,59216,22.4,24.2
48449,58425,16.3,17.1
48451,68370,25.5,11.1
48453,99611,56.6,10.9
48455,52018,16.8,17.6
48457,55396,12.4,17.9
48459,66208,18.2,12.4
48461,49167,8.7,16.0
48463,53801,19.8,22.2
48465,66100,22.5,16.6
48467,69475,19.8,11.1
48469,70896,19.9,16.2
48471,52324,21.6,18.4
48473,80397,27.9,14.6
48475,65952,12.4,14.9
48477,77825,30.7,13.4
48479,63058,21.4,21.3
48481,66924,20.7,13.6
48483,60167,17.0,15.4
48485,63524,25.1,16.5
48487,54102,17.2,17.5
48489,54180,14.0,24.0
48491,111340,48.4,6.4
48493,94565,25.9,11.3
48495,86900,10.6,16.2
48497,93421,22.2,8.9
48499,60300,21.5,12.5
48501,84925,20.1,16.8
48503,68010,24.0,16.5
48505,39239,15.2,38.4
48507,36749,11.1,33.9
49001,79360,23.5,6.6
49003,84550,26.7,8.4
49005,81665,42.2,12.0
49007,58377,18.8,17.0
49009,66000,17.6,9.0
49011,110884,39.3,6.4
49013,78445,18.5,11.8
49015,74291,18.3,12.5
49017,61875,28.3,9.8
49019,67106,37.5,13.3
49021,66247,31.6,13.8
49023,101786,20.0,6.9
49025,77092,28.8,9.5
49027,73639,24.3,7.7
49029,130929,38.4,1.4
49031,48393,19.6,10.2
49033,79009,24.4,3.8
49035,97494,39.4,8.1
49037,64481,20.5,18.1
49039,70083,22.9,15.2
49041,74884,22.8,9.7
49043,138114,59.8,4.9
49045,106587,22.9,5.2
49047,73746,16.8,11.8
49049,100671,44.4,8.7
49051,117608,51.3,4.7
49053,80632,35.2,9.8
49055,76607,27.7,10.6
49057,90005,28.5,8.1
50001,89639,43.6,7.6
50003,73325,41.8,11.3
50005,69970,33.2,11.7
50007,96759,56.8,9.7
50009,59294,21.5,13.8
50011,81313,30.2,10.3
50013,97396,44.0,7.9
50015,74908,44.3,8.5
50017,82232,38.4,9.3
50019,70103,30.5,11.7
50021,68616,35.3,11.8
50023,83449,48.1,8.7
50025,72217,44.0,11.6
50027,77594,42.9,9.2
51001,58993,21.7,13.9
51003,104392,61.1,7.7
51005,56188,14.6,11.6
51007,76717,18.6,9.7
51009,68724,24.7,10.8
51011,62853,19.2,14.0
51013,142114,77.1,7.4
51015,82049,25.1,6.6
51017,56184,16.7,23.8
51019,78937,33.7,8.1
51021,61216,18.4,13.6
51023,81213,28.5,6.2
51025,53084,16.6,14.9
51027,42886,11.5,25.2
51029,60828,14.5,12.5
51031,66165,26.1,10.8
51033,87407,21.8,11.2
51035,54484,16.9,15.3
51036,75417,17.3,9.4
51037,58000,20.0,18.9
51041,101931,43.8,7.1
51043,117111,39.8,7.0
51045,69057,19.2,13.7
51047,100049,27.3,7.9
51049,55325,20.9,8.5
51051,47254,10.1,17.3
51053,83704,19.4,11.7
51057,56520,16.6,12.3
51059,153637,65.0,5.9
51061,130189,41.7,6.8
51063,62191,24.4,9.8
51065,96768,37.3,7.7
51067,68849,25.1,12.7
51069,97606,31.9,6.8
51071,65691,17.6,9.3
51073,84306,25.3,5.2
51075,118931,45.8,5.1
51077,47730,15.5,16.5
51079,89808,31.5,13.7
51081,54668,14.7,14.3
51083,52013,19.7,17.3
51085,112805,42.7,5.7
51087,88783,46.5,8.8
51089,50760,15.5,16.0
51091,65625,30.8,9.5
51093,95241,30.8,6.8
51095,109985,51.0,6.8
51097,70469,18.6,17.9
51099,116884,34.7,7.5
51101,86056,23.0,5.9
51103,69713,41.3,10.3
51105,41827,14.1,28.8
51107,181765,64.6,4.2
51109,86689,29.7,10.0
51111,54842,11.6,15.9
51113,84323,27.0,10.8
51115,75880,28.4,7.8
51117,57045,20.7,16.3
51119,75060,33.8,7.3
51121,72715,48.8,23.9
51125,72589,36.3,12.5
51127,123314,38.4,4.7
51131,61632,32.0,17.7
51133,66480,33.6,11.5
51135,63261,14.1,18.5
51137,94008,29.6,9.8
51139,57037,15.2,11.3
51141,53038,15.1,11.7
51143,54085,16.1,14.6
51145,110537,35.0,4.6
51147,56315,27.3,20.9
51149,84897,25.0,8.9
51153,131402,44.9,6.2
51155,62028,20.8,14.4
51157,83380,33.3,10.3
51159,66304,16.9,7.7
51161,83709,37.1,7.3
51163,65469,32.8,7.5
51165,80693,29.0,9.8
51167,50012,13.1,16.7
51169,46349,15.6,20.2
51171,67191,21.6,11.8
51173,49883,16.8,16.8
51175,70795,20.1,8.7
51177,112738,34.9,7.1
51179,137807,43.8,4.7
51181,78041,27.1,10.5
51183,63530,16.5,11.6
51185,47313,16.6,18.5
51187,84682,25.0,11.6
51191,64552,26.7,11.1
51193,63398,22.5,14.0
51195,52943,15.8,17.2
51197,57745,19.4,15.2
51199,109956,50.0,5.6
51510,119681,66.2,7.9
51520,50404,24.8,18.0
51530,57833,23.3,18.8
51540,74824,62.5,19.6
51550,95373,36.9,9.4
51570,76505,28.0,7.9
51580,41944,9.5,25.7
51590,44423,19.6,24.7
51595,51899,16.0,15.8
51600,132348,62.4,9.1
51610,143262,80.5,4.0
51620,63245,27.3,19.3
51630,86071,46.1,13.2
51640,38675,19.1,31.1
51650,69621,28.5,12.7
51660,62254,37.5,25.7
51670,54729,13.7,21.8
51678,84517,50.7,14.0
51680,57947,38.5,18.6
51683,113590,32.7,7.7
51685,103250,26.9,5.1
51690,46727,22.1,23.5
51700,69634,30.6,14.5
51710,66109,33.5,16.5
51720,41495,13.7,26.3
51730,50698,25.4,21.7
51735,120972,36.3,4.5
51740,60491,24.3,17.3
51750,57348,37.9,28.7
51760,64587,45.6,18.2
51770,55378,30.0,18.3
51775,66725,33.0,10.2
51790,65581,37.7,12.4
51800,92666,33.3,9.4
51810,92968,40.9,8.6
51820,59994,25.7,11.2
51830,75604,45.8,18.8
51840,63974,31.3,21.5
53001,66136,15.7,19.5
53003,72283,24.7,14.2
53005,89874,33.2,11.0
53007,82381,31.2,8.3
53009,70370,31.6,10.6
53011,97536,33.3,8.0
53013,71810,24.9,9.3
53015,76531,17.6,12.2
53017,80363,21.5,8.3
53019,55614,15.2,13.6
53021,86714,21.1,13.1
53023,64884,31.8,12.0
53025,73267,18.4,15.8
53027,64414,18.2,15.3
53029,90551,36.6,7.7
53031,74048,43.9,11.1
53033,124746,56.7,8.6
53035,104158,37.9,8.2
53037,73804,37.0,14.4
53039,71042,31.2,12.9
53041,74796,21.5,12.2
53043,71512,24.2,12.5
53045,83270,21.9,12.3
53047,63207,24.7,20.7
53049,67081,24.9,10.4
53051,67436,20.9,14.4
53053,99564,30.9,8.8
53055,84800,53.9,11.3
53057,89263,30.2,11.6
53059,93265,29.8,8.1
53061,111246,38.2,8.0
53063,78582,33.1,11.7
53065,69327,22.2,12.0
53067,96563,38.5,9.5
53069,62653,21.8,17.8
53071,74202,29.8,12.1
53073,81784,39.3,12.9
53075,55406,49.8,22.7
53077,70656,19.2,15.5
54001,51394,12.5,20.0
54003,80815,25.1,11.1
54005,57093,11.5,16.2
54007,50331,14.4,20.4
54009,54316,23.4,13.1
54011,55832,32.6,19.2
54013,43980,10.1,32.9
54015,42318,11.3,26.4
54017,57401,13.9,14.8
54019,53194,15.8,19.2
54021,47981,18.5,19.0
54023,62361,14.0,13.3
54025,48218,22.2,21.8
54027,63116,18.3,13.1
54029,61466,19.9,14.5
54031,49272,15.7,17.7
54033,60377,27.2,14.4
54035,58845,19.6,18.5
54037,98806,33.9,8.7
54039,60943,29.7,15.7
54041,56477,18.9,16.1
54043,46205,8.1,23.2
54045,49723,14.7,21.8
54047,31559,6.8,34.2
54049,67370,27.2,13.6
54051,59169,20.5,16.8
54053,49761,16.3,19.4
54055,53210,22.9,16.5
54057,69375,23.7,14.0
54059,38119,9.5,32.4
54061,65346,48.9,19.7
54063,56750,15.4,14.0
54065,72179,18.0,11.2
54067,54639,23.3,15.4
54069,57094,33.9,17.7
54071,64931,18.5,16.6
54073,60932,14.1,11.6
54075,42119,19.7,22.5
54077,61880,17.5,13.8
54079,79527,29.1,10.6
54081,52150,22.5,22.8
54083,52757,19.8,15.9
54085,50582,14.4,21.6
54087,45778,15.2,19.1
54089,40699,18.8,23.8
54091,57795,20.5,13.9
54093,53358,23.6,15.3
54095,63693,15.9,20.2
54097,54338,18.2,19.2
54099,58878,19.2,14.6
54101,43839,12.9,23.3
54103,56836,17.1,16.0
54105,49867,15.5,16.8
54107,57810,24.1,14.7
54109,48440,13.1,22.6
55001,59442,17.5,14.1
55003,62462,24.5,13.4
55005,65933,23.2,11.0
55007,71151,35.0,9.8
55009,79649,33.5,9.1
55011,70479,22.1,8.4
55013,62819,22.4,12.8
55015,88810,33.0,5.9
55017,74680,24.2,10.2
55019,67400,13.0,12.1
55021,85351,26.0,7.8
55023,64094,18.3,13.8
55025,89975,55.3,10.6
55027,75929,20.3,8.5
55029,74795,37.4,7.7
55031,75099,28.4,10.8
55033,74824,29.6,10.7
55035,74546,36.8,11.8
55037,61086,25.0,7.3
55039,74275,22.3,9.2
55041,61071,16.1,15.2
55043,66858,25.6,13.0
55045,82852,27.7,7.7
55047,68196,22.8,13.8
55049,82182,28.4,7.6
55051,60625,26.0,10.5
55053,68110,15.9,12.4
55055,83750,28.5,8.1
55057,67270,16.9,13.0
55059,81239,31.2,10.5
55061,82725,21.9,7.6
55063,73013,36.5,12.4
55065,76462,22.6,11.9
55067,55878,17.0,13.5
55069,68164,19.6,10.6
55071,69148,22.6,9.6
55073,77884,28.1,8.7
55075,63809,19.8,9.8
55077,65681,16.2,13.1
55078,62108,18.1,21.7
55079,64435,34.7,17.2
55081,69467,21.3,11.7
55083,75049,18.9,8.2
55085,69371,28.7,8.5
55087,85069,32.7,6.3
55089,96996,51.2,5.0
55091,75256,23.0,10.2
55093,92109,33.5,9.8
55095,77219,24.3,8.2
55097,76070,34.0,10.1
55099,60546,17.9,11.9
55101,78096,28.4,10.3
55103,66420,21.2,14.5
55105,75673,25.8,9.3
55107,59944,16.9,13.1
55109,103046,39.5,6.6
55111,79541,27.3,8.1
55113,60801,27.4,15.6
55115,66479,19.1,11.1
55117,73094,27.5,8.5
55119,69350,17.0,9.6
55121,76313,20.9,9.9
55123,71893,24.9,13.1
55125,68431,30.9,11.1
55127,80520,32.4,9.4
55129,63441,25.5,11.5
55131,96359,35.2,5.8
55133,106076,48.9,5.2
55135,72830,20.5,10.4
55137,67107,17.7,10.9
55139,74925,31.1,11.3
55141,67989,21.4,10.8
56001,61917,55.0,20.9
56003,62101,22.8,12.7
56005,89869,23.3,9.4
56007,70511,24.4,12.2
56009,81558,24.9,10.6
56011,79637,24.5,6.0
56013,64904,26.5,12.8
56015,58929,23.0,14.7
56017,61250,26.7,14.7
56019,64871,30.3,9.1
56021,80173,33.1,8.9
56023,89330,26.0,7.5
56025,72156,27.7,9.6
56027,64113,19.4,12.0
56029,73035,36.0,8.9
56031,67718,20.7,7.7
56033,71388,31.1,10.2
56035,83597,32.3,6.9
56037,75034,20.9,12.9
56039,124172,61.1,5.7
56041,82980,22.9,9.2
56043,65714,23.5,8.8
56045,89509,20.1,9.0
