source_id,source_name,state,source_city,CEEB,nu_name,nu_city,name_score_set,name_score_sort,city_match,tier,needs_review
400009,GLOBAL CITIZENSHIP,IL,,140844,Global Visions Academy,CHICAGO,60,44.99999999999999,f,reject,f
400011,LOCKE A,IL,,142833,McKinley Libra,RIVERDALE,47.61904761904762,47.61904761904761,f,reject,f
400021,CATALYST - CIRCLE ROCK,IL,,144184,Circle Academy,URBANA,60,58.82352941176471,f,reject,f
400023,CICS - AVALON/SOUTH SHORE,IL,,141286,School of Technology High School - South Shore,CHICAGO,64.70588235294117,47.76119402985075,f,reject,f
400024,CICS - BASIL,IL,,140702,Cics Chicago Quest,CHICAGO,57.142857142857146,42.85714285714286,f,reject,f
400025,CICS - BUCKTOWN,IL,,140702,Cics Chicago Quest,CHICAGO,47.05882352941177,45.16129032258065,f,reject,f
400026,CICS - LOOMIS,IL,,140702,Cics Chicago Quest,CHICAGO,53.333333333333336,41.379310344827594,f,reject,f
400027,CICS - IRVING PARK,IL,,141425,Cissna Park High School,CISSNA PARK,56.41025641025641,56.41025641025641,f,reject,f
400028,CICS - PRAIRIE,IL,,140455,Bushnell Prairie City HS,BUSHNELL,73.6842105263158,44.44444444444444,f,reject,f
400029,CICS - WASHINGTON PARK,IL,,1089,Harold Washington Clg Chicago,CHICAGO,69.38775510204081,69.38775510204081,f,reject,f
400030,CICS - WEST BELDEN,IL,,143223,West Leyden High School,NORTHLAKE,56.41025641025641,56.41025641025641,f,reject,f
400031,CICS - WRIGHTWOOD,IL,,140630,CICS Longwood High School,CHICAGO,60,60,f,reject,f
400039,ERIE,IL,,141835,Erie High School,ERIE,100,40,f,reject,f
400044,KIPP - ASCEND,IL,,140825,King College Prep,CHICAGO,50,50,f,reject,f
400046,LEARN - BUTLER,IL,,140637,Butler College Prep,CHICAGO,66.66666666666666,64.51612903225806,f,reject,f
400047,LEARN - CAMPBELL,IL,,141652,Apostolic Learning Academy,DUPO,55,55.00000000000001,f,reject,f
400048,LEARN - EXCEL,IL,,142811,Excell Distance Learning,MATTESON,62.857142857142854,62.857142857142854,f,reject,f
400049,LEGACY,IL,,142072,Gateway Legacy Christian Acdmy,GLEN CARBON,100,33.333333333333336,f,reject,f
400050,NAMASTE,IL,,140412,Daystar Academy,CHICAGO,45.45454545454545,45.45454545454546,f,reject,f
400060,PASSAGES,IL,,140652,Cs Academy,CHICAGO,44.44444444444444,44.44444444444444,f,reject,f
400069,POLARIS,IL,,143231,Polaris School Individual Educ,OAK LAWN,100,37.83783783783784,f,reject,f
400071,PROVIDENCE ENGLEWOOD,IL,,142375,Providence Catholic HS,NEW LENOX,66.66666666666666,47.05882352941176,f,reject,f
400075,U OF C - DONOGHUE,IL,,1083,College Of Dupage,GLEN ELLYN,56.25,50,f,reject,f
400076,U OF C - NKO,IL,,1083,College Of Dupage,GLEN ELLYN,51.851851851851855,37.03703703703704,f,reject,f
400079,ACERO - ZIZUMBO,IL,,141334,Acero Cruz,CHICAGO,66.66666666666666,60.86956521739131,f,reject,f
400080,ACERO - TORRES,IL,,141334,Acero Cruz,CHICAGO,66.66666666666666,63.63636363636363,f,reject,f
400081,ACERO - DE LAS CASAS,IL,,141334,Acero Cruz,CHICAGO,66.66666666666666,50,f,reject,f
400082,ACERO - FUENTES,IL,,141334,Acero Cruz,CHICAGO,66.66666666666666,60.86956521739131,f,reject,f
400084,ACERO - TAMAYO,IL,,141334,Acero Cruz,CHICAGO,66.66666666666666,54.54545454545454,f,reject,f
400089,ACERO - MARQUEZ,IL,,141334,Acero Cruz,CHICAGO,78.26086956521739,78.26086956521739,f,reject,f
400092,CICS - BOND,IL,,142160,Bond County Cmty Unit #2 HS,GREENVILLE,61.53846153846154,36.36363636363637,f,reject,f
400096,ROWE,IL,,141108,Rowe-Clark Math Science Acad,CHICAGO,100,25,f,reject,f
400101,ACERO - CISNEROS,IL,,141334,Acero Cruz,CHICAGO,66.66666666666666,66.66666666666667,f,reject,f
400107,LEARN - SOUTH CHICAGO,IL,,140036,Ombudsman #2 Chicago South,CHICAGO,81.25,72.72727272727273,f,review,t
400111,LEARN - PERKINS,IL,,140066,School Expressive Arts Learn N,LOMBARD,55.55555555555556,37.2093023255814,f,reject,f
400112,ACERO - IDAR,IL,,141334,Acero Cruz,CHICAGO,70,70,f,reject,f
400114,ACERO - SANTIAGO,IL,,141334,Acero Cruz,CHICAGO,66.66666666666666,50,f,reject,f
400115,CATALYST - MARIA,IL,,140654,Catalyst-Maria High School,CHICAGO,100,70,f,review,t
400116,MONTESSORI ENGLEWOOD,IL,,140018,Magic Johnson - Englewood,CHICAGO,69.76744186046511,69.76744186046511,f,reject,f
400120,ACERO - CLEMENTE,IL,,141325,Roberto Clemente Cmty Academy,CHICAGO,72.72727272727272,55.81395348837209,f,reject,f
400146,KIPP - ACADEMY,IL,,140652,Cs Academy,CHICAGO,82.35294117647058,72.72727272727273,f,review,t
400151,LEARN - 7,IL,,140066,School Expressive Arts Learn N,LOMBARD,83.33333333333333,32.432432432432435,f,reject,f
400153,ACERO - BRIGHTON PARK,IL,,141334,Acero Cruz,CHICAGO,66.66666666666666,48.275862068965516,f,reject,f
400159,CHRISTOPHER HOUSE,IL,,141405,Christopher High School,CHRISTOPHER,78.57142857142857,70,f,reject,f
400163,KIPP - BLOOM,IL,,141390,Bloom High School,CHICAGO HTS,66.66666666666666,51.85185185185186,f,reject,f
400165,LEARN - MIDDLE,IL,,140225,Beardstown Middle High School,BEARDSTOWN,66.66666666666666,53.65853658536586,f,reject,f
400167,HORIZON - SOUTHWEST,IL,,140078,Excel Academy - Southwest HS,CHICAGO,69.23076923076923,50,f,reject,f
400168,GREAT LAKES,IL,,140071,Cambridge Lakes Charter School,PINGREE GROVE,62.5,48.78048780487805,f,reject,f
400178,MOVING EVEREST,IL,,140667,Arts of Living,CHICAGO,50,50,f,reject,f
400180,KIPP - ONE,IL,,143179,One World School,EAST MOLINE,54.54545454545455,25,f,reject,f
609772,ADDAMS,IL,,140892,Jane Addams High School,CHICAGO,100,41.379310344827594,f,reject,f
609773,TUBMAN,IL,,1111,Truman College,CHICAGO,50,50,f,reject,f
609774,ALCOTT ES,IL,,141074,Alcott College Prep,CHICAGO,80,57.14285714285714,f,reject,f
609777,ARMOUR,IL,,141334,Acero Cruz,CHICAGO,50,50,f,reject,f
609779,ARMSTRONG G,IL,,140105,Armstrong Township High School,ARMSTRONG,90,53.65853658536586,f,reject,f
609782,AUDUBON,IL,,141852,Beacon Academy,EVANSTON,47.61904761904762,47.61904761904761,f,reject,f
609786,AVALON PARK,IL,,141040,Morgan Park Academy,CHICAGO,60,60,f,reject,f
609788,BARNARD,IL,,140104,Vanguard School,ARLINGTON HTS,45.45454545454545,45.45454545454546,f,reject,f
609789,BARRY,IL,,140210,Barry Community HS,BARRY,100,31.25,f,reject,f
609790,BARTON,IL,,1052,Barat College,LAKE FOREST,52.63157894736842,52.63157894736843,f,reject,f
609791,BASS,IL,,140118,South Campus,PALATINE,37.5,37.5,f,reject,f
609792,BATEMAN,IL,,140084,Ucan Academy,CHICAGO,52.63157894736842,52.63157894736843,f,reject,f
609793,NICHOLSON,IL,,143905,Sheldon HS,SHELDON,57.142857142857146,57.14285714285714,f,reject,f
609794,EDISON,IL,,1351,Judson College,ELGIN,50,50,f,reject,f
609795,CLARK ES,IL,,0623,Lewis and Clark Community College,GODFREY,76.92307692307692,39.02439024390244,f,reject,f
609796,BEAUBIEN,IL,,7866,Chamberlain Univ,DOWNERS GRV,41.666666666666664,41.666666666666664,f,reject,f
609797,BEIDLER,IL,,140147,Lerna Bridges,LERNA,60,60,f,reject,f
609798,BELDING,IL,,7866,Chamberlain Univ,DOWNERS GRV,43.47826086956522,43.47826086956522,f,reject,f
609799,BELL,IL,,140037,Naperville Bridge,WOODRIDGE,38.095238095238095,38.095238095238095,f,reject,f
609800,BENNETT,IL,,140448,Bennett Day School,CHICAGO,100,56.00000000000001,f,reject,f
609803,BLAINE,IL,,142833,McKinley Libra,RIVERDALE,50,50,f,reject,f
609804,MOSAIC,IL,,001031,American Islamic College,CHICAGO,40,40,f,reject,f
609805,JOPLIN,IL,,Test09,SchoolI,MORRISON,46.15384615384615,46.15384615384615,f,reject,f
609806,BRADWELL,IL,,141736,Lahr-Well Academy,GLEN CARBON,48,48,f,reject,f
609807,HAMPTON,IL,,143937,Seton Academy,SOUTH HOLLAND,50,50,f,reject,f
609808,HALEY,IL,,142833,McKinley Libra,RIVERDALE,42.10526315789474,42.10526315789473,f,reject,f
609809,BRENTANO,IL,,U27577,BIR Training Center,CHICAGO,51.851851851851855,51.85185185185186,f,reject,f
609810,BRIDGE,IL,,140037,Naperville Bridge,WOODRIDGE,100,52.17391304347826,f,reject,f
609811,BRIGHT,IL,,1925,Wilbur Wright College,CHICAGO,44.44444444444444,44.44444444444444,f,reject,f
609812,BROWN W,IL,,143070,Brown County High School,MT STERLING,83.33333333333333,38.70967741935484,f,reject,f
609813,BROWNELL,IL,,140037,Naperville Bridge,WOODRIDGE,48,48,f,reject,f
609815,BOUCHET,IL,,3527,C Office Tech,CHICAGO,40,40,f,reject,f
609817,BUDLONG,IL,,141980,Fulton High School,FULTON,40,40,f,reject,f
609818,BURBANK,IL,,140268,Urbana Gerber School,URBANA,44.44444444444444,44.44444444444444,f,reject,f
609819,BURKE,IL,,2698,ITT Burr Ridge,BURR RIDGE,42.10526315789474,42.10526315789473,f,reject,f
609820,BURLEY,IL,,142833,McKinley Libra,RIVERDALE,50,50,f,reject,f
609821,BURNHAM,IL,,143693,Auburn High School,ROCKFORD,40,40,f,reject,f
609827,BURNSIDE,IL,,2698,ITT Burr Ridge,BURR RIDGE,54.54545454545455,54.54545454545454,f,reject,f
609828,BURR,IL,,2698,ITT Burr Ridge,BURR RIDGE,100,44.44444444444444,f,reject,f
609829,BURROUGHS,IL,,140460,Byron High School,BYRON,46.15384615384615,46.15384615384615,f,reject,f
609830,BRUNSON,IL,,140169,New Horizons,LEWISTOWN,42.10526315789474,42.10526315789473,f,reject,f
609832,BYRNE,IL,,142833,McKinley Libra,RIVERDALE,42.10526315789474,42.10526315789473,f,reject,f
609833,DAISY BATES,IL,,140152,Paris Bridges,PARIS,58.333333333333336,58.33333333333333,f,reject,f
609834,LITTLE VILLAGE,IL,,140131,Kemmerer Village Campus School,ASSUMPTION,66.66666666666666,40.90909090909091,f,reject,f
609835,CAMERON,IL,,143937,Seton Academy,SOUTH HOLLAND,60,60,f,reject,f
609836,CANTY,IL,,141141,Infinity,CHICAGO,46.15384615384615,46.15384615384615,f,reject,f
609837,CARNEGIE,IL,,143729,Gifted Academy,ROCKFORD,54.54545454545455,54.54545454545454,f,reject,f
609839,CARROLL,IL,,143045,Mount Carroll HS,MT. CARROLL,100,48.275862068965516,f,reject,f
609842,CARSON,IL,,143937,Seton Academy,SOUTH HOLLAND,52.63157894736842,52.63157894736843,f,reject,f
609844,CARTER,IL,,140072,Ybmc Charter Sch,NORMAL,54.54545454545455,54.54545454545454,f,reject,f
609845,CARVER G,IL,,140840,Carver Military Academy,CHICAGO,85.71428571428571,45.16129032258065,f,reject,f
609848,ALDRIDGE,IL,,144459,Bridgedale Academy,WOODRIDGE,53.84615384615385,53.84615384615385,f,reject,f
609849,CASSELL,IL,,143342,Camelot School,MT PROSPECT,47.61904761904762,47.61904761904761,f,reject,f
609850,GREELEY,IL,,1256,Greenville University,GREENVILLE,50,50,f,reject,f
609851,CHALMERS,IL,,7866,Chamberlain Univ,DOWNERS GRV,50,50,f,reject,f
609852,CHAPPELL,IL,,143342,Camelot School,MT PROSPECT,45.45454545454545,45.45454545454546,f,reject,f
609853,CHASE,IL,,143937,Seton Academy,SOUTH HOLLAND,44.44444444444444,44.44444444444444,f,reject,f
609854,CHOPIN,IL,,Test09,SchoolI,MORRISON,61.53846153846154,61.53846153846154,f,reject,f
609855,CHRISTOPHER,IL,,141405,Christopher High School,CHRISTOPHER,100,64.70588235294117,f,reject,f
609856,CLAY,IL,,140244,Clay Academy,WOODSTOCK,100,50,f,reject,f
609857,CLEVELAND,IL,,1619,Parkland College,CHAMPAIGN,64,64,f,reject,f
609859,CLINTON,IL,,141440,Clinton Community High School,CLINTON,100,38.888888888888886,f,reject,f
609861,CLISSOLD,IL,,140841,Collins HS,CHICAGO,51.851851851851855,51.85185185185186,f,reject,f
609862,COLES,IL,,1533,NAES College,CHICAGO,58.8235294117647,58.82352941176471,f,reject,f
609863,GINSBURG,IL,,142831,Johnsburg High School,JOHNSBURG,48.275862068965516,48.275862068965516,f,reject,f
609864,COOK,IL,,141553,Dupage/West Cook Deaf/Hard Hea,DARIEN,100,23.529411764705888,f,reject,f
609865,JORDAN,IL,,140451,Jordan Baptist School,BURBANK,100,44.44444444444444,f,reject,f
609866,COONLEY,IL,,Test09,SchoolI,MORRISON,57.142857142857146,57.14285714285714,f,reject,f
609867,COOPER,IL,,001128,Spertus College,CHICAGO,47.61904761904762,47.61904761904761,f,reject,f
609869,LANGFORD,IL,,140104,Vanguard School,ARLINGTON HTS,52.17391304347826,52.17391304347826,f,reject,f
609870,CORKERY,IL,,140182,Rosary College Prep,AURORA,46.15384615384615,46.15384615384615,f,reject,f
609872,PEREZ,IL,,141334,Acero Cruz,CHICAGO,40,40,f,reject,f
609873,CROWN,IL,,140536,Dundee-Crown High School,CARPENTERSVLE,100,34.48275862068966,f,reject,f
609874,DIRKSEN,IL,,141761,Einstein Academy,ELGIN,43.47826086956522,43.47826086956522,f,reject,f
609875,DARWIN,IL,,140178,Marmion Academy,AURORA,47.61904761904762,47.61904761904761,f,reject,f
609876,DAVIS N,IL,,000155,Univ St Francis,JOLIET,45.45454545454545,45.45454545454546,f,reject,f
609879,DAWES,IL,,140022,Ombudsman West,CHICAGO,52.63157894736842,52.63157894736843,f,reject,f
609880,DECATUR,IL,,141559,Decatur Christian School,FORSYTH,100,45.16129032258065,f,reject,f
609883,DENEEN,IL,,141761,Einstein Academy,ELGIN,45.45454545454545,45.45454545454546,f,reject,f
609884,DEVER,IL,,002203,Devry University,OAKBROOK TER,47.61904761904762,47.61904761904761,f,reject,f
609885,DEWEY,IL,,140652,Cs Academy,CHICAGO,40,40,f,reject,f
609887,DIXON,IL,,141615,Dixon High School,DIXON,100,45.45454545454546,f,reject,f
609891,DOOLITTLE,IL,,140764,The Day School,CHICAGO,52.17391304347826,52.17391304347826,f,reject,f
609893,DORE,IL,,140232,Core Academy,AURORA,50,50,f,reject,f
609894,DRAKE,IL,,142833,McKinley Libra,RIVERDALE,42.10526315789474,42.10526315789473,f,reject,f
609895,TURNER-DREW,IL,,1404,Lewis University,ROMEOVILLE,51.851851851851855,51.85185185185186,f,reject,f
609896,DRUMMOND,IL,,140178,Marmion Academy,AURORA,43.47826086956522,43.47826086956522,f,reject,f
609897,EARLE,IL,,140037,Naperville Bridge,WOODRIDGE,45.45454545454545,45.45454545454546,f,reject,f
609898,EBERHART,IL,,1556,North Park College,CHICAGO,46.15384615384615,46.15384615384615,f,reject,f
609899,EBINGER,IL,,140147,Lerna Bridges,LERNA,50,50,f,reject,f
609900,CURTIS,IL,,140669,El Cuarto Ano,CHICAGO,42.10526315789474,42.10526315789473,f,reject,f
609901,EDGEBROOK,IL,,140083,Lutherbrook Academy,ADDISON,50,50,f,reject,f
609902,METCALFE,IL,,143342,Camelot School,MT PROSPECT,45.45454545454545,45.45454545454546,f,reject,f
609903,EDWARDS,IL,,140005,Edwards County High School,ALBION,100,42.42424242424242,f,reject,f
609904,ELLINGTON,IL,,3843,Lexington College,CHICAGO,61.53846153846154,61.53846153846154,f,reject,f
609907,ERICSON,IL,,140650,American School,LANSING,54.54545454545455,54.54545454545454,f,reject,f
609908,ESMOND,IL,,2729,ITT Matteson,MATTESON,44.44444444444444,44.44444444444444,f,reject,f
609909,EVERETT,IL,,0798,East-West University,CHICAGO,44.44444444444444,44.44444444444444,f,reject,f
609910,FALCONER,IL,,140086,Onarga Academy,ONARGA,45.45454545454545,45.45454545454546,f,reject,f
609912,FARNSWORTH,IL,,140896,Jobs for Youth,CHICAGO,50,50,f,reject,f
609917,FERNWOOD,IL,,140917,Kenwood Academy,CHICAGO,52.17391304347826,52.17391304347826,f,reject,f
609918,FIELD,IL,,140192,Eugene Field School,NORMAL,100,41.666666666666664,f,reject,f
609919,FISKE,IL,,140830,Francis W Parker School,CHICAGO,35.71428571428571,35.71428571428571,f,reject,f
609920,KANOON,IL,,140157,Banner School,CHICAGO,42.10526315789474,42.10526315789473,f,reject,f
609921,TELPOCHCALLI,IL,,143342,Camelot School,MT PROSPECT,46.15384615384615,46.15384615384615,f,reject,f
609922,BELMONT-CRAGIN,IL,,U27577,BIR Training Center,CHICAGO,54.54545454545455,54.54545454545454,f,reject,f
609924,FORT DEARBORN,IL,,141593,Forest Academy,DES PLAINES,51.851851851851855,51.85185185185186,f,reject,f
609925,KELLMAN,IL,,1111,Truman College,CHICAGO,47.61904761904762,47.61904761904761,f,reject,f
609926,FRANKLIN,IL,,140125,Ashton Franklin Center HS,ASHTON,100,38.095238095238095,f,reject,f
609927,FOSTER PARK,IL,,143376,Park Forest Academy,PARK FOREST,60,60,f,reject,f
609928,FARMER,IL,,140650,American School,LANSING,38.095238095238095,38.095238095238095,f,reject,f
609929,FULTON,IL,,141980,Fulton High School,FULTON,100,50,f,reject,f
609930,FUNSTON,IL,,000155,Univ St Francis,JOLIET,45.45454545454545,45.45454545454546,f,reject,f
609933,GALE,IL,,140266,Oswego Goal,OSWEGO,53.333333333333336,53.333333333333336,f,reject,f
609935,GALLISTEL,IL,,140322,Giant Steps-Illinois,LISLE,55.172413793103445,55.172413793103445,f,reject,f
609937,GARVY,IL,,1584,Olive-Harvey College,CHICAGO,40,40,f,reject,f
609938,GARY,IL,,141347,Gary Comer College Prep,CHICAGO,100,29.629629629629626,f,reject,f
609939,GILLESPIE,IL,,142045,Gillespie High School,GILLESPIE,100,60,f,reject,f
609941,RANDOLPH,IL,,141660,Durand High School,DURAND,46.15384615384615,46.15384615384615,f,reject,f
609942,GOETHE,IL,,3527,C Office Tech,CHICAGO,42.10526315789474,42.10526315789473,f,reject,f
609943,OWENS,IL,,1533,NAES College,CHICAGO,47.05882352941177,47.05882352941176,f,reject,f
609944,GRISSOM,IL,,143370,Paris HS,PARIS,50,50,f,reject,f
609945,GOUDY,IL,,140264,Iyc Chicago,CHICAGO,37.5,37.5,f,reject,f
609947,GRAHAM ES,IL,,140296,Ray Graham Training Center HS,CHICAGO,80,34.04255319148937,f,reject,f
609949,GRAY,IL,,141728,Vincent Gray Academy,E SAINT LOUIS,100,33.333333333333336,f,reject,f
609950,ORTIZ DE DOMINGUEZ,IL,,1667,Dominican University,RIVER FOREST,47.36842105263158,47.36842105263158,f,reject,f
609951,ARIEL,IL,,143099,Fairfield Academy,MUNDELEIN,45.45454545454545,45.45454545454546,f,reject,f
609952,GREENE,IL,,144390,North Greene Jr/Sr High School,WHITE HALL,100,33.333333333333336,f,reject,f
609954,GREGORY,IL,,141165,Saint Gregory High School,CHICAGO,100,48.275862068965516,f,reject,f
609955,GRESHAM,IL,,U27214,Noble Auburn Gresham College Prep,CHICAGO,100,35,f,reject,f
609956,GRIMES,IL,,2729,ITT Matteson,MATTESON,44.44444444444444,44.44444444444444,f,reject,f
609958,GUNSAULUS,IL,,143855,Scales Mound High School,SCALES MOUND,42.42424242424242,42.42424242424242,f,reject,f
609959,HAINES,IL,,143345,Palatine High School,PALATINE,46.15384615384615,46.15384615384615,f,reject,f
609960,HALE,IL,,141109,Daniel Hale Williams Prep,CHICAGO,100,27.586206896551722,f,reject,f
609961,NINOS HEROES,IL,,1312,Illinois Central College,EAST PEORIA,50,50,f,reject,f
609963,HAMILTON,IL,,142840,Hamilton County Senior High,MC LEANSBORO,100,45.714285714285715,f,reject,f
609964,HAMLINE,IL,,140358,Vine Academy,BURR RIDGE,52.63157894736842,52.63157894736843,f,reject,f
609966,HAMMOND,IL,,140155,Atwood Hammond HS,ATWOOD,100,42.42424242424242,f,reject,f
609967,FINKL,IL,,141141,Infinity,CHICAGO,46.15384615384615,46.15384615384615,f,reject,f
609968,MCAULIFFE,IL,,143980,Ursuline Academy,SPRINGFIELD,48,48,f,reject,f
609969,HARTE,IL,,140072,Ybmc Charter Sch,NORMAL,47.61904761904762,47.61904761904761,f,reject,f
609971,HARVARD,IL,,142210,Harvard Community High School,HARVARD,100,38.888888888888886,f,reject,f
609972,HAUGAN,IL,,144322,Waukegan High School,WAUKEGAN,46.15384615384615,46.15384615384615,f,reject,f
609973,ZAPATA,IL,,140089,Pathways Academy,JOLIET,45.45454545454545,45.45454545454546,f,reject,f
609974,HAWTHORNE,IL,,141800,Ic Catholic Prep,ELMHURST,48,48,f,reject,f
609975,HAY,IL,,140264,Iyc Chicago,CHICAGO,42.857142857142854,42.85714285714286,f,reject,f
609976,HAYT,IL,,140264,Iyc Chicago,CHICAGO,40,40,f,reject,f
609977,WOODLAWN,IL,,140012,Excel Academy Of Woodlawn/Ss,CHICAGO,100,44.44444444444444,f,reject,f
609978,SMITH,IL,,141924,Faith Academy,FLORA,44.44444444444444,44.44444444444444,f,reject,f
609979,HEALY,IL,,143948,Calvary Academy,SPRINGFIELD,40,40,f,reject,f
609981,HEARST,IL,,3262,Rush University,CHICAGO,47.61904761904762,47.61904761904761,f,reject,f
609983,HEDGES,IL,,001260,Hyde Henry J,ADDISON,44.44444444444444,44.44444444444444,f,reject,f
609985,HEFFERAN,IL,,1111,Truman College,CHICAGO,45.45454545454545,45.45454545454546,f,reject,f
609986,HENDERSON,IL,,142264,Highlander School,HIGHLAND,53.84615384615385,53.84615384615385,f,reject,f
609987,HENDRICKS,IL,,143725,Rock Island High School,ROCK ISLAND,43.75,43.75,f,reject,f
609988,HENRY,IL,,142240,Henry-Senachwine High School,HENRY,100,30.303030303030297,f,reject,f
609990,SOUTH LOOP,IL,,141348,Banner Academy South,CHICAGO,66.66666666666666,40,f,reject,f
609991,HERZL,IL,,141334,Acero Cruz,CHICAGO,40,40,f,reject,f
609993,LARA,IL,,1619,Parkland College,CHAMPAIGN,40,40,f,reject,f
609994,HIBBARD,IL,,140877,Hubbard High School,CHICAGO,53.84615384615385,53.84615384615385,f,reject,f
609995,HITCH,IL,,142730,Malta HS,MALTA,45.45454545454545,45.45454545454546,f,reject,f
609996,HOLDEN,IL,,Test09,SchoolI,MORRISON,46.15384615384615,46.15384615384615,f,reject,f
609997,HOLMES,IL,,Test09,SchoolI,MORRISON,46.15384615384615,46.15384615384615,f,reject,f
610000,HOWE,IL,,140266,Oswego Goal,OSWEGO,40,40,f,reject,f
610002,HOYNE,IL,,140169,New Horizons,LEWISTOWN,47.05882352941177,47.05882352941176,f,reject,f
610003,CUFFE,IL,,3527,C Office Tech,CHICAGO,44.44444444444444,44.44444444444444,f,reject,f
610004,CULLEN,IL,,1372,Knox College,GALESBURG,55.55555555555556,55.55555555555556,f,reject,f
610005,HUGHES C,IL,,140465,Cairo High School,CAIRO,48,48,f,reject,f
610006,HURLEY,IL,,1204,Elmhurst University,ELMHURST,40,40,f,reject,f
610009,GALILEO,IL,,140266,Oswego Goal,OSWEGO,55.55555555555556,55.55555555555556,f,reject,f
610010,JAHN,IL,,144385,Wheaton Academy,WEST CHICAGO,31.578947368421055,31.57894736842105,f,reject,f
610011,JAMIESON,IL,,2729,ITT Matteson,MATTESON,50,50,f,reject,f
610013,PILSEN,IL,,141055,Senn High School,CHICAGO,45.45454545454545,45.45454545454546,f,reject,f
610015,JUNGMAN,IL,,140022,Ombudsman West,CHICAGO,38.095238095238095,38.095238095238095,f,reject,f
610016,KELLOGG,IL,,141060,Baker College Prep,CHICAGO,40,40,f,reject,f
610017,SAUCEDO,IL,,141334,Acero Cruz,CHICAGO,47.05882352941177,47.05882352941176,f,reject,f
610019,KERSHAW,IL,,143427,Kiefer School,PEORIA,50,50,f,reject,f
610021,CASALS,IL,,140197,Salt School,KANKAKEE,47.05882352941177,47.05882352941176,f,reject,f
610022,KILMER,IL,,143427,Kiefer School,PEORIA,42.10526315789474,42.10526315789473,f,reject,f
610024,CARDENAS,IL,,140209,Novak Academy,CHAMPAIGN,57.142857142857146,57.14285714285714,f,reject,f
610026,KINZIE,IL,,141141,Infinity,CHICAGO,42.857142857142854,42.85714285714286,f,reject,f
610027,KIPLING,IL,,141141,Infinity,CHICAGO,40,40,f,reject,f
610029,LOZANO,IL,,1484,Monmouth College,MONMOUTH,36.36363636363637,36.36363636363637,f,reject,f
610030,KOZMINSKI,IL,,1667,Dominican University,RIVER FOREST,41.37931034482759,41.379310344827594,f,reject,f
610032,GREEN,IL,,140147,Lerna Bridges,LERNA,44.44444444444444,44.44444444444444,f,reject,f
610033,LASALLE,IL,,1025,Augustana College,ROCK ISLAND,50,50,f,reject,f
610034,LAWNDALE,IL,,141349,Greater Lawndale HS Social Justice,CHICAGO,100,31.372549019607842,f,reject,f
610036,LEWIS,IL,,1404,Lewis University,ROMEOVILLE,100,47.61904761904761,f,reject,f
610037,LIBBY,IL,,143227,Ibyc-Atia,OAK BROOK,42.857142857142854,42.85714285714286,f,reject,f
610038,LINCOLN,IL,,140241,Fusion Academy - Lincoln Park,CHICAGO,100,41.17647058823529,f,reject,f
610039,VON LINNE,IL,,141345,Von Steuben Metro Science Ctr,CHICAGO,50,36.8421052631579,f,reject,f
610040,LLOYD,IL,,1665,Rockford College,ROCKFORD,38.095238095238095,38.095238095238095,f,reject,f
610041,LOCKE J,IL,,3527,C Office Tech,CHICAGO,40,40,f,reject,f
610043,LOVETT,IL,,1821,Triton College,RIVER GROVE,40,40,f,reject,f
610044,LOWELL,IL,,140266,Oswego Goal,OSWEGO,47.05882352941177,47.05882352941176,f,reject,f
610046,LYON,IL,,143937,Seton Academy,SOUTH HOLLAND,35.294117647058826,35.29411764705882,f,reject,f
610047,MADISON,IL,,140107,Madison Co Ed Therapy Cntr,EDWARDSVILLE,100,42.42424242424242,f,reject,f
610048,MANIERRE,IL,,141334,Acero Cruz,CHICAGO,44.44444444444444,44.44444444444444,f,reject,f
610051,NORTHWEST,IL,,140153,Northwest Academy,ELIZABETH,100,69.23076923076923,f,review,t
610052,MANN,IL,,7866,Chamberlain Univ,DOWNERS GRV,40,40,f,reject,f
610053,MARQUETTE,IL,,143335,Marquette Academy,OTTAWA,100,69.23076923076923,f,review,t
610054,MARSH,IL,,140199,Miner School,ARLINGTON HTS,47.05882352941177,47.05882352941176,f,reject,f
610055,FARADAY,IL,,140244,Clay Academy,WOODSTOCK,52.63157894736842,52.63157894736843,f,reject,f
610056,MASON,IL,,U27221,Mason High School,CHICAGO,100,45.45454545454546,f,reject,f
610057,FAIRFIELD,IL,,141875,Fairfield Community HS,FAIRFIELD,100,44.99999999999999,f,reject,f
610059,MAYER,IL,,141334,Acero Cruz,CHICAGO,40,40,f,reject,f
610060,CHICAGO WORLD LANGUAGE ACADEMY,IL,,140750,Gems World Academy Chicago,CHICAGO,89.36170212765957,85.71428571428572,f,review,t
610062,MIÑOSO,IL,,143708,Mill School,ROCKFORD,58.8235294117647,58.82352941176471,f,reject,f
610063,MCCORMICK,IL,,140264,Iyc Chicago,CHICAGO,50,50,f,reject,f
610065,TILL,IL,,143708,Mill School,ROCKFORD,40,40,f,reject,f
610066,MCDADE,IL,,140652,Cs Academy,CHICAGO,50,50,f,reject,f
610067,MCKAY,IL,,140244,Clay Academy,WOODSTOCK,47.05882352941177,47.05882352941176,f,reject,f
610068,HANSON PARK,IL,,141035,Morgan Park High School,CHICAGO,58.8235294117647,47.05882352941176,f,reject,f
610070,MCPHERSON,IL,,140739,Cornerstone Academy,CHICAGO,50,50,f,reject,f
610073,MITCHELL,IL,,143708,Mill School,ROCKFORD,52.63157894736842,52.63157894736843,f,reject,f
610074,LOGAN SQUARE,IL,,1357,John A. Logan College,CARTERVILLE,58.8235294117647,31.25,f,reject,f
610076,MOOS,IL,,143708,Mill School,ROCKFORD,40,40,f,reject,f
610077,MORRILL,IL,,143708,Mill School,ROCKFORD,44.44444444444444,44.44444444444444,f,reject,f
610078,INTER-AMERICAN,IL,,140591,American Christian Scholars,CHAMPAIGN,72.72727272727272,58.53658536585367,f,reject,f
610081,SHERIDAN,IL,,142710,Meridian High School,MACON,50,50,f,reject,f
610082,MOUNT GREENWOOD,IL,,140917,Kenwood Academy,CHICAGO,51.851851851851855,51.85185185185186,f,reject,f
610084,KELLER,IL,,141060,Baker College Prep,CHICAGO,50,50,f,reject,f
610086,MOUNT VERNON,IL,,143082,Mount Vernon Christian School,MOUNT VERNON,100,51.42857142857142,f,reject,f
610088,MOZART,IL,,142485,Nazareth Academy,LA GRANGE PK,45.45454545454545,45.45454545454546,f,reject,f
610089,MURPHY,IL,,143100,Murphysboro High School,MURPHYSBORO,41.37931034482759,41.379310344827594,f,reject,f
610090,MURRAY,IL,,1435,MacMurray College,JACKSONVILLE,52.17391304347826,52.17391304347826,f,reject,f
610091,BROWN R,IL,,143070,Brown County High School,MT STERLING,83.33333333333333,38.70967741935484,f,reject,f
610092,NASH,IL,,140046,Allendale School,LAKE VILLA,40,40,f,reject,f
610093,NEIL,IL,,140202,Neil Armstrong Program/Hawthor,MATTOON,100,23.529411764705888,f,reject,f
610094,NETTELHORST,IL,,140699,South Shore International,CHICAGO,50,50,f,reject,f
610095,NEWBERRY,IL,,140221,Newcomer Center,ARLINGTON HTS,43.47826086956522,43.47826086956522,f,reject,f
610096,NIGHTINGALE,IL,,143130,Neoga High School,NEOGA,50,50,f,reject,f
610097,NIXON,IL,,141141,Infinity,CHICAGO,46.15384615384615,46.15384615384615,f,reject,f
610098,NOBEL,IL,,140669,El Cuarto Ano,CHICAGO,44.44444444444444,44.44444444444444,f,reject,f
610099,NORWOOD PARK,IL,,1556,North Park College,CHICAGO,53.333333333333336,53.333333333333336,f,reject,f
610100,WEST PARK,IL,,140946,Banner Academy West,CHICAGO,61.53846153846154,50,f,reject,f
610101,OGDEN ES,IL,,140748,Ogden International Sc Chicago,CHICAGO,76.92307692307692,36.8421052631579,f,reject,f
610102,OGLESBY,IL,,1533,NAES College,CHICAGO,42.10526315789474,42.10526315789473,f,reject,f
610103,OKEEFFE,IL,,002670,Fox College,OAK LAWN,44.44444444444444,44.44444444444444,f,reject,f
610104,ONAHAN,IL,,140086,Onarga Academy,ONARGA,40,40,f,reject,f
610105,ORIOLE PARK,IL,,1619,Parkland College,CHAMPAIGN,59.25925925925926,59.25925925925925,f,reject,f
610106,PICCOLO,IL,,140650,American School,LANSING,45.45454545454545,45.45454545454546,f,reject,f
610107,OTIS,IL,,1503,Methodist College,PEORIA,38.095238095238095,38.095238095238095,f,reject,f
610108,OTOOLE,IL,,143342,Camelot School,MT PROSPECT,50,50,f,reject,f
610109,OWEN,IL,,1905,Wheaton College,WHEATON,42.10526315789474,42.10526315789473,f,reject,f
610110,WELLS ES,IL,,141370,Wells Community Academy,CHICAGO,76.92307692307692,45.16129032258065,f,reject,f
610111,PALMER,IL,,1165,DePaul University,CHICAGO,43.47826086956522,43.47826086956522,f,reject,f
610112,PARKER,IL,,140830,Francis W Parker School,CHICAGO,100,41.379310344827594,f,reject,f
610115,PARK MANOR,IL,,141632,Marquette Manor Baptist Acdmy,DOWNERS GROVE,66.66666666666666,41.02564102564102,f,reject,f
610116,PARKSIDE,IL,,144118,Tinley Park High School,TINLEY PARK,45.16129032258065,45.16129032258065,f,reject,f
610117,PASTEUR,IL,,1118,Chicago State University,CHICAGO,38.70967741935484,38.70967741935484,f,reject,f
610120,PECK,IL,,140228,Peace Center,DOLTON,37.5,37.5,f,reject,f
610121,IRVING,IL,,140667,Arts of Living,CHICAGO,50,50,f,reject,f
610122,PEIRCE,IL,,144184,Circle Academy,URBANA,50,50,f,reject,f
610123,PENN,IL,,140148,Dundee Center,ELGIN,35.294117647058826,35.29411764705882,f,reject,f
610124,WASHINGTON H ES,IL,,140356,Booker T Washington High Sch,HARRISBURG,80,65.11627906976744,f,review,t
610125,RUIZ,IL,,141334,Acero Cruz,CHICAGO,42.857142857142854,42.85714285714286,f,reject,f
610126,PERSHING,IL,,140667,Arts of Living,CHICAGO,45.45454545454545,45.45454545454546,f,reject,f
610127,PETERSON,IL,,2729,ITT Matteson,MATTESON,50,50,f,reject,f
610128,GARVEY,IL,,1584,Olive-Harvey College,CHICAGO,46.15384615384615,46.15384615384615,f,reject,f
610129,PICKARD,IL,,2459,Rockford Business C,ROCKFORD,38.46153846153846,38.46153846153846,f,reject,f
610130,PIRIE,IL,,2698,ITT Burr Ridge,BURR RIDGE,42.10526315789474,42.10526315789473,f,reject,f
610131,PLAMONDON,IL,,140122,Transition Program,NAPERVILLE,44.44444444444444,44.44444444444444,f,reject,f
610132,POE,IL,,140077,Phoenix Program,CARBON CLIFF,33.33333333333333,33.333333333333336,f,reject,f
610133,WARD L,IL,,140104,Vanguard School,ARLINGTON HTS,47.61904761904762,47.61904761904761,f,reject,f
610135,PORTAGE PARK,IL,,1556,North Park College,CHICAGO,53.333333333333336,33.333333333333336,f,reject,f
610136,PRESCOTT,IL,,141590,Depue Unit School,DEPUE,48,48,f,reject,f
610137,PRUSSING,IL,,140667,Arts of Living,CHICAGO,45.45454545454545,45.45454545454546,f,reject,f
610138,PULASKI,IL,,143065,Mount Pulaski High School,MOUNT PULASKI,100,48.275862068965516,f,reject,f
610139,PULLMAN,IL,,1111,Truman College,CHICAGO,47.61904761904762,47.61904761904761,f,reject,f
610141,RAVENSWOOD,IL,,141088,Ravenswood Baptist Chrstn Sch,CHICAGO,100,51.28205128205128,f,reject,f
610142,RAY,IL,,2908,Ray College of Design,CHICAGO,100,25,f,reject,f
610143,REAVIS,IL,,143235,Reavis High School,BURBANK,100,50,f,reject,f
610144,REILLY,IL,,1256,Greenville University,GREENVILLE,44.44444444444444,44.44444444444444,f,reject,f
610145,REINBERG,IL,,140128,New Directions Program,ST CHARLES,46.666666666666664,46.666666666666664,f,reject,f
610146,REVERE,IL,,140228,Peace Center,DOLTON,44.44444444444444,44.44444444444444,f,reject,f
610147,ROGERS,IL,,140152,Paris Bridges,PARIS,52.63157894736842,52.63157894736843,f,reject,f
610148,CHAVEZ,IL,,140358,Vine Academy,BURR RIDGE,44.44444444444444,44.44444444444444,f,reject,f
610152,RUGGLES,IL,,140049,Dupage-Glenbard Plus,ADDISON,44.44444444444444,44.44444444444444,f,reject,f
610153,RYDER,IL,,001260,Hyde Henry J,ADDISON,47.05882352941177,47.05882352941176,f,reject,f
610155,SAUGANASH,IL,,143360,Pana High School,PANA,48,48,f,reject,f
610157,SAWYER,IL,,140022,Ombudsman West,CHICAGO,40,40,f,reject,f
610158,SAYRE,IL,,140232,Core Academy,AURORA,47.05882352941177,47.05882352941176,f,reject,f
610159,SCAMMON,IL,,140178,Marmion Academy,AURORA,54.54545454545455,54.54545454545454,f,reject,f
610165,SCHUBERT,IL,,3262,Rush University,CHICAGO,52.17391304347826,52.17391304347826,f,reject,f
610167,SEWARD,IL,,143910,Sherrard High School,SHERRARD,38.46153846153846,38.46153846153846,f,reject,f
610170,COLUMBIA EXPLORERS,IL,,1135,Columbia College,CHICAGO,66.66666666666666,47.05882352941176,f,reject,f
610171,MIRELES,IL,,140888,The Israel Academy,CHICAGO,48,48,f,reject,f
610172,SHERMAN,IL,,141555,Schlarman Academy,DANVILLE,50,50,f,reject,f
610173,SHERWOOD,IL,,Test09,SchoolI,MORRISON,53.333333333333336,53.333333333333336,f,reject,f
610174,SHIELDS,IL,,142580,Leland High School,LELAND,48,48,f,reject,f
610175,SHOESMITH,IL,,141642,Summit School,ELGIN,63.63636363636363,63.63636363636363,f,reject,f
610176,SHOOP,IL,,Test09,SchoolI,MORRISON,66.66666666666666,66.66666666666667,f,reject,f
610177,SKINNER,IL,,1470,Millikin University,DECATUR,46.15384615384615,46.15384615384615,f,reject,f
610178,SCHMID,IL,,Test09,SchoolI,MORRISON,61.53846153846154,61.53846153846154,f,reject,f
610179,SMYSER,IL,,143937,Seton Academy,SOUTH HOLLAND,42.10526315789474,42.10526315789473,f,reject,f
610180,SMYTH,IL,,141924,Faith Academy,FLORA,44.44444444444444,44.44444444444444,f,reject,f
610182,SOLOMON,IL,,144115,Thomson HS,THOMSON,53.84615384615385,53.84615384615385,f,reject,f
610183,SPENCER,IL,,140221,Newcomer Center,ARLINGTON HTS,45.45454545454545,45.45454545454546,f,reject,f
610184,SPRY ES,IL,,141261,Spry Community Links High Sch,CHICAGO,72.72727272727272,33.333333333333336,f,reject,f
610185,STEVENSON,IL,,143550,Adlai E Stevenson High School,LINCOLNSHIRE,100,47.36842105263158,f,reject,f
610188,DUNNE,IL,,140148,Dundee Center,ELGIN,44.44444444444444,44.44444444444444,f,reject,f
610191,STONE,IL,,143937,Seton Academy,SOUTH HOLLAND,44.44444444444444,44.44444444444444,f,reject,f
610192,STOWE,IL,,140166,Project Insight,MACOMB,40,40,f,reject,f
610193,NEW SULLIVAN,IL,,141310,Roger Sullivan High School,CHICAGO,80,52.63157894736843,f,reject,f
610194,SUMNER,IL,,3262,Rush University,CHICAGO,47.61904761904762,47.61904761904761,f,reject,f
610195,SUTHERLAND,IL,,1361,Heartland Community College,NORMAL,48.648648648648646,48.64864864864865,f,reject,f
610196,SWIFT,IL,,141141,Infinity,CHICAGO,46.15384615384615,46.15384615384615,f,reject,f
610197,TALCOTT,IL,,141074,Alcott College Prep,CHICAGO,46.15384615384615,46.15384615384615,f,reject,f
610198,TAYLOR,IL,,2488,Taylor Business Inst Il,CHICAGO,100,41.379310344827594,f,reject,f
610199,COLEMON,IL,,1489,Morton College,CICERO,66.66666666666666,66.66666666666667,f,reject,f
610200,THORP J,IL,,141800,Ic Catholic Prep,ELMHURST,43.47826086956522,43.47826086956522,f,reject,f
610201,THORP O,IL,,141844,Cove School,NORTHBROOK,44.44444444444444,44.44444444444444,f,reject,f
610202,TILTON,IL,,1821,Triton College,RIVER GROVE,50,50,f,reject,f
610203,MONARCAS,IL,,140086,Onarga Academy,ONARGA,54.54545454545455,54.54545454545454,f,reject,f
610206,TWAIN,IL,,143227,Ibyc-Atia,OAK BROOK,42.857142857142854,42.85714285714286,f,reject,f
610207,VANDERPOEL,IL,,140157,Banner School,CHICAGO,52.17391304347826,52.17391304347826,f,reject,f
610208,LAVIZZO,IL,,141585,Delavan High School,DELAVAN,38.46153846153846,38.46153846153846,f,reject,f
610209,VOLTA,IL,,1111,Truman College,CHICAGO,42.10526315789474,42.10526315789473,f,reject,f
610212,ALBANY PARK,IL,,140880,Hyde Park Academy,CHICAGO,57.142857142857146,57.14285714285714,f,reject,f
610213,WADSWORTH,IL,,140118,South Campus,PALATINE,47.61904761904762,47.61904761904761,f,reject,f
610215,MADERO,IL,,141334,Acero Cruz,CHICAGO,50,50,f,reject,f
610216,WALSH,IL,,140197,Salt School,KANKAKEE,50,50,f,reject,f
610217,WARD J,IL,,001260,Hyde Henry J,ADDISON,44.44444444444444,22.22222222222222,f,reject,f
610218,WARREN,IL,,142972,Warren HS,MONMOUTH,100,50,f,reject,f
610219,WASHINGTON G ES,IL,,140356,Booker T Washington High Sch,HARRISBURG,80,65.11627906976744,f,review,t
610220,WATERS,IL,,140072,Ybmc Charter Sch,NORMAL,45.45454545454545,45.45454545454546,f,reject,f
610221,WEBSTER,IL,,140219,Western High School,BARRY,46.15384615384615,46.15384615384615,f,reject,f
610223,WENTWORTH,IL,,140221,Newcomer Center,ARLINGTON HTS,50,50,f,reject,f
610225,WHISTLER,IL,,143434,Peoria Christian,PEORIA,50,50,f,reject,f
610226,SANDOVAL,IL,,143825,Sandoval Senior High School,SANDOVAL,100,45.714285714285715,f,reject,f
610227,WHITNEY,IL,,141383,Whitney M Young Magnet HS,CHICAGO,100,34.14634146341463,f,reject,f
610228,WHITTIER,IL,,143434,Peoria Christian,PEORIA,50,50,f,reject,f
610229,PRITZKER,IL,,141239,Pritzker College Prep,CHICAGO,100,55.172413793103445,f,reject,f
610230,WILDWOOD,IL,,140917,Kenwood Academy,CHICAGO,43.47826086956522,43.47826086956522,f,reject,f
610231,NATIONAL TEACHERS,IL,,1551,National-Louis University,CHICAGO,64,57.14285714285714,f,reject,f
610234,YATES,IL,,2729,ITT Matteson,MATTESON,47.05882352941177,47.05882352941176,f,reject,f
610235,YOUNG ES,IL,,141604,North Cook Young Adult Academy,DES PLAINES,76.92307692307692,36.8421052631579,f,reject,f
610237,BEETHOVEN,IL,,142374,Liberty Valley School,JOLIET,46.666666666666664,46.666666666666664,f,reject,f
610238,BOND,IL,,142160,Bond County Cmty Unit #2 HS,GREENVILLE,100,20.512820512820518,f,reject,f
610239,DALEY,IL,,1093,Richard J Daley College,CHICAGO,100,35.71428571428571,f,reject,f
610242,BRENNEMANN,IL,,U27577,BIR Training Center,CHICAGO,55.172413793103445,55.172413793103445,f,reject,f
610246,BEASLEY,IL,,140147,Lerna Bridges,LERNA,50,50,f,reject,f
610248,CHICAGO ACADEMY ES,IL,,140627,Chicago Academy For Arts,CHICAGO,90.9090909090909,76.19047619047619,f,review,t
610249,TALMAN,IL,,2729,ITT Matteson,MATTESON,44.44444444444444,44.44444444444444,f,reject,f
610250,SALAZAR,IL,,140104,Vanguard School,ARLINGTON HTS,45.45454545454545,45.45454545454546,f,reject,f
610251,CATHER,IL,,140083,Lutherbrook Academy,ADDISON,48,48,f,reject,f
610252,DETT,IL,,143335,Marquette Academy,OTTAWA,38.095238095238095,38.095238095238095,f,reject,f
610254,DVORAK,IL,,140209,Novak Academy,CHAMPAIGN,42.10526315789474,42.10526315789473,f,reject,f
610256,ROBINSON,IL,,143675,Robinson High School,ROBINSON,100,57.14285714285714,f,reject,f
610257,MORTON,IL,,140303,J S Morton High School West,BERWYN,100,36.36363636363637,f,reject,f
610263,DULLES,IL,,1533,NAES College,CHICAGO,44.44444444444444,44.44444444444444,f,reject,f
610268,ASHE,IL,,140764,The Day School,CHICAGO,44.44444444444444,44.44444444444444,f,reject,f
610269,MCCUTCHEON,IL,,1525,Mchenry County College,CRYSTAL LAKE,50,50,f,reject,f
610271,JENSEN,IL,,141761,Einstein Academy,ELGIN,45.45454545454545,45.45454545454546,f,reject,f
610274,JOHNSON,IL,,140827,Johnson College Prep,CHICAGO,100,51.85185185185186,f,reject,f
610276,MOLLISON,IL,,1351,Judson College,ELGIN,54.54545454545455,54.54545454545454,f,reject,f
610279,TANNER,IL,,140157,Banner School,CHICAGO,52.63157894736842,52.63157894736843,f,reject,f
610281,POWELL,IL,,1406,Lincoln College,LINCOLN,38.095238095238095,38.095238095238095,f,reject,f
610282,MCNAIR,IL,,144184,Circle Academy,URBANA,40,40,f,reject,f
610284,NEW FIELD,IL,,140192,Eugene Field School,NORMAL,71.42857142857143,42.85714285714286,f,reject,f
610287,ASHBURN,IL,,140029,Pathways In Educ - Ashburn,CHICAGO,100,45.16129032258065,f,reject,f
610290,MAYS,IL,,140957,Benjamin E Mays Academy,CHICAGO,100,29.629629629629626,f,reject,f
610291,LEE,IL,,002670,Fox College,OAK LAWN,42.857142857142854,42.85714285714286,f,reject,f
610293,MELODY,IL,,143342,Camelot School,MT PROSPECT,40,40,f,reject,f
610295,HIGGINS,IL,,140016,Higgins Education Center,HOFFMAN EST,100,45.16129032258065,f,reject,f
610298,LENART,IL,,1404,Lewis University,ROMEOVILLE,45.45454545454545,45.45454545454546,f,reject,f
610299,KING ES,IL,,140641,Christ King Jesuit Colg Prep,CHICAGO,72.72727272727272,40,f,reject,f
610300,WESTCOTT,IL,,144363,Westmont High School,WESTMONT,42.857142857142854,42.85714285714286,f,reject,f
610305,LELAND,IL,,142580,Leland High School,LELAND,100,50,f,reject,f
610312,MCDOWELL,IL,,141736,Lahr-Well Academy,GLEN CARBON,48,48,f,reject,f
610313,DE DIEGO,IL,,140358,Vine Academy,BURR RIDGE,50,50,f,reject,f
610315,WHITE,IL,,140535,Carmi-White County High School,CARMI,100,28.57142857142857,f,reject,f
610316,EARHART,IL,,142485,Nazareth Academy,LA GRANGE PK,43.47826086956522,43.47826086956522,f,reject,f
610317,BRIGHTON PARK,IL,,140028,Pathways In Educ - Brighton Pk,CHICAGO,76.19047619047619,58.53658536585367,f,reject,f
610319,EVERGREEN,IL,,141865,Evergreen Park Community HS,EVERGREEN PARK,100,40,f,reject,f
610325,AVONDALE-LOGANDALE,IL,,140031,Pathways In Educ - Avondale,CHICAGO,61.53846153846154,51.162790697674424,f,reject,f
610329,OROZCO,IL,,1665,Rockford College,ROCKFORD,45.45454545454545,45.45454545454546,f,reject,f
610339,STAGG,IL,,143357,Amos Alonzo Stagg High School,PALOS HILLS,100,29.411764705882348,f,reject,f
610342,SABIN,IL,,7866,Chamberlain Univ,DOWNERS GRV,38.095238095238095,38.095238095238095,f,reject,f
610345,WOODSON,IL,,144183,Kingswood School,URBANA,52.17391304347826,52.17391304347826,f,reject,f
610347,CLAREMONT,IL,,144155,Tremont High School,TREMONT,57.142857142857146,57.14285714285714,f,reject,f
610350,BLACK,IL,,1537,Black Hawk College East,GALVA,100,35.71428571428571,f,reject,f
610352,DURKIN PARK,IL,,141425,Cissna Park High School,CISSNA PARK,53.333333333333336,41.17647058823529,f,reject,f
610353,CALMECA,IL,,140244,Clay Academy,WOODSTOCK,52.63157894736842,52.63157894736843,f,reject,f
610354,NORTH RIVER,IL,,140279,Belvidere North High School,BELVIDERE,62.5,31.57894736842105,f,reject,f
610355,COURTENAY,IL,,1206,Eureka College,EUREKA,52.17391304347826,52.17391304347826,f,reject,f
610362,EVERS,IL,,4907,Ellis University,OAKBROOK TER,47.61904761904762,47.61904761904761,f,reject,f
610363,DISNEY,IL,,141392,Disney II Magnet School,CHICAGO,100,41.379310344827594,f,reject,f
610364,DUBOIS,IL,,141655,Duquoin High School,DU QUOIN,40,40,f,reject,f
610366,WACKER,IL,,141334,Acero Cruz,CHICAGO,50,50,f,reject,f
610367,DEPRIEST,IL,,002203,Devry University,OAKBROOK TER,58.333333333333336,58.33333333333333,f,reject,f
610368,HUGHES L,IL,,143235,Reavis High School,BURBANK,53.84615384615385,53.84615384615385,f,reject,f
610369,JACKSON M,IL,,142350,Jacksonville High School,JACKSONVILLE,48.484848484848484,48.484848484848484,f,reject,f
610396,TARKINGTON,IL,,140667,Arts of Living,CHICAGO,50,50,f,reject,f
610405,SUDER,IL,,3262,Rush University,CHICAGO,40,40,f,reject,f
610503,FRAZIER PROSPECTIVE,IL,,141022,Perspectives Charter Joslin,CHICAGO,60.869565217391305,60.86956521739131,f,reject,f
610515,DISNEY II ES,IL,,141392,Disney II Magnet School,CHICAGO,85.71428571428571,51.42857142857142,f,reject,f
610520,LASALLE II,IL,,140765,De La Salle Institute,CHICAGO,64.51612903225806,64.51612903225806,f,reject,f
610521,DAVIS M,IL,,142585,Mount Assisi Academy,LEMONT,50,50,f,reject,f
610523,EDISON PARK,IL,,141815,Elmwood Park High School,ELMWOOD PARK,57.142857142857146,45.714285714285715,f,reject,f
610530,SOUTH SHORE ES,IL,,141286,School of Technology High School - South Shore,CHICAGO,88,44.827586206896555,f,reject,f
610532,HERNANDEZ,IL,,001260,Hyde Henry J,ADDISON,47.61904761904762,47.61904761904761,f,reject,f
610533,PRIETO,IL,,143560,Princeton High School,PRINCETON,44.44444444444444,44.44444444444444,f,reject,f
610534,SKINNER NORTH,IL,,140279,Belvidere North High School,BELVIDERE,55.55555555555556,35,f,reject,f
610539,CAMRAS,IL,,141763,Dream Academy,ELGIN,52.63157894736842,52.63157894736843,f,reject,f
610541,LORCA,IL,,141925,Flora High School,FLORA,36.36363636363637,36.36363636363637,f,reject,f
610542,WEST RIDGE,IL,,141890,Blue Ridge High School,FARMER CITY,66.66666666666666,43.75,f,reject,f
610544,AZUELA,IL,,140244,Clay Academy,WOODSTOCK,44.44444444444444,44.44444444444444,f,reject,f
610548,STEM,IL,,140364,Englewood Stem High School,CHICAGO,100,26.66666666666667,f,reject,f
610559,SHIELDS MIDDLE,IL,,140108,Middle Fork School,DANVILLE,62.5,62.5,f,reject,f
610586,SADLOWSKI,IL,,142074,Willows Academy,DES PLAINES,50,50,f,reject,f
610588,RICHARDSON,IL,,142770,Crab Orchard High School,MARION,52.94117647058823,52.94117647058824,f,reject,f
610589,SOR JUANA,IL,,140239,Journeys South,BETHALTO,52.17391304347826,52.17391304347826,f,reject,f
610590,BRONZEVILLE CLASSICAL,IL,,140981,Bronzeville Scholastic Inst,CHICAGO,75,75,f,reject,f
400013,ASPIRA - EARLY COLLEGE HS,IL,,140624,Aspira Early College HS,CHICAGO,100,100,f,auto_accept,f
400022,CHIARTS HS,IL,,140945,Leo High School,CHICAGO,84.61538461538461,64.70588235294117,f,reject,f
400032,CICS - ELLISON HS,IL,,140945,Leo High School,CHICAGO,84.61538461538461,56.41025641025641,f,reject,f
400033,CICS - LONGWOOD,IL,,140630,CICS Longwood High School,CHICAGO,100,68.42105263157895,f,review,t
400034,CICS - NORTHTOWN HS,IL,,140945,Leo High School,CHICAGO,84.61538461538461,63.41463414634146,f,reject,f
400035,CHICAGO MATH & SCIENCE HS,IL,,140721,Chicago Math & Science Acad,CHICAGO,90.56603773584905,73.84615384615385,f,review,t
400051,NOBLE - NOBLE HS,IL,,140945,Leo High School,CHICAGO,87.5,78.94736842105263,f,review,t
400052,NOBLE - COMER,IL,,141321,Noble Academy,CHICAGO,66.66666666666666,66.66666666666667,f,reject,f
400053,NOBLE - GOLDER HS,IL,,140945,Leo High School,CHICAGO,84.61538461538461,71.7948717948718,f,review,t
400054,NOBLE - PRITZKER HS,IL,,140945,Leo High School,CHICAGO,84.61538461538461,68.29268292682926,f,review,t
400055,NOBLE - RAUNER HS,IL,,140945,Leo High School,CHICAGO,84.61538461538461,71.7948717948718,f,review,t
400056,NOBLE - ROWE CLARK HS,IL,,140945,Leo High School,CHICAGO,84.61538461538461,69.76744186046511,f,review,t
400057,NOBLE - UIC HS,IL,,140945,Leo High School,CHICAGO,84.61538461538461,77.77777777777779,f,review,t
400058,NLCP - CHRISTIANA HS,IL,,143698,Christian Life High School,ROCKFORD,86.79245283018868,86.79245283018868,f,review,t
400059,NLCP - COLLINS HS,IL,,140841,Collins HS,CHICAGO,100,88.37209302325581,f,auto_accept,f
400061,PERSPECTIVES - LEADERSHIP HS,IL,,140708,Perspectives Leadership Acdmy,CHICAGO,88.46153846153847,75,f,review,t
400062,PERSPECTIVES - TECH HS,IL,,140944,Perspectives HS of Technology,CHICAGO,90.56603773584905,86.56716417910448,f,auto_accept,f
400064,PERSPECTIVES - JOSLIN HS,IL,,140944,Perspectives HS of Technology,CHICAGO,87.27272727272728,75.36231884057972,f,review,t
400066,PERSPECTIVES - MATH & SCI HS,IL,,140945,Leo High School,CHICAGO,84.61538461538461,50,f,reject,f
400077,U OF C - WOODLAWN HS,IL,,144460,Woodlawn Community High School,WOODLAWN,85.1063829787234,77.19298245614034,f,review,t
400085,ACERO - GARCIA HS,IL,,141004,Acero Charter Hector Garcia HS,CHICAGO,100,76.19047619047619,f,review,t
400086,URBAN PREP - ENGLEWOOD HS,IL,,140364,Englewood Stem High School,CHICAGO,89.36170212765957,75.86206896551724,f,review,t
400091,CHICAGO TECH HS,IL,,140960,Gce Chicago High School,CHICAGO,90.47619047619048,80.85106382978724,f,review,t
400094,EPIC HS,IL,,144210,Venice HS,VENICE,88.23529411764706,64.70588235294117,f,reject,f
400097,NOBLE - BULLS HS,IL,,140945,Leo High School,CHICAGO,84.61538461538461,73.6842105263158,f,review,t
400098,NOBLE - MUCHIN HS,IL,,140945,Leo High School,CHICAGO,84.61538461538461,71.7948717948718,f,review,t
400104,INSTITUTO - HEALTH,IL,,140884,Instituto Health Sci Career,CHICAGO,100,74.4186046511628,f,review,t
400105,URBAN PREP - BRONZEVILLE HS,IL,,141337,Urban Youth HS,CHICAGO,85,59.64912280701755,f,reject,f
400106,NOBLE - JOHNSON HS,IL,,140945,Leo High School,CHICAGO,84.61538461538461,70,f,review,t
400117,NOBLE - HANSBERRY HS,IL,,140945,Leo High School,CHICAGO,84.61538461538461,66.66666666666667,f,review,t
400118,NOBLE - DRW HS,IL,,140945,Leo High School,CHICAGO,84.61538461538461,77.77777777777779,f,review,t
400119,LEGAL PREP HS,IL,,140945,Leo High School,CHICAGO,84.61538461538461,75.67567567567568,f,review,t
400149,ACERO - SOTO HS,IL,,141004,Acero Charter Hector Garcia HS,CHICAGO,87.17948717948718,55.73770491803278,f,reject,f
400156,NOBLE - BUTLER HS,IL,,140945,Leo High School,CHICAGO,84.61538461538461,71.7948717948718,f,review,t
400157,NOBLE - BAKER HS,IL,,140945,Leo High School,CHICAGO,84.61538461538461,73.6842105263158,f,review,t
400161,CHICAGO COLLEGIATE,IL,,144522,Chicago Collegiate Charter Sch,CHICAGO,100,75,f,review,t
400162,INTRINSIC HS,IL,,140984,Intrinsic School,CHICAGO,100,86.48648648648648,f,auto_accept,f
400169,NOBLE - ITW SPEER HS,IL,,140945,Leo High School,CHICAGO,84.61538461538461,66.66666666666667,f,review,t
400170,NOBLE - ACADEMY HS,IL,,140418,Academy High School,CHAMPAIGN,100,86.36363636363636,f,auto_accept,f
400172,ASPIRA - BUSINESS & FINANCE HS,IL,,141061,Aspira Business And Finance,CHICAGO,100,81.81818181818181,f,review,t
400179,NOBLE - MANSUETO HS,IL,,140034,Mansueto High School,CHICAGO,100,86.95652173913044,f,auto_accept,f
400181,ART IN MOTION,IL,,140390,Art in Motion Charter School,CHICAGO,100,63.41463414634146,f,reject,f
400182,CATALYST MARIA HS,IL,,140654,Catalyst-Maria High School,CHICAGO,100,100,f,auto_accept,f
609674,CHICAGO VOCATIONAL HS,IL,,140960,Gce Chicago High School,CHICAGO,90.47619047619048,71.69811320754718,f,review,t
609676,DUNBAR HS,IL,,141645,Dunlap High School,DUNLAP,88.88888888888889,88.88888888888889,f,review,t
609678,JONES HS,IL,,143700,East High School,ROCKFORD,84.84848484848484,66.66666666666667,f,review,t
609679,PROSSER HS,IL,,143062,Prospect High School,MT PROSPECT,87.17948717948718,87.17948717948718,f,review,t
609680,PAYTON HS,IL,,140040,Alton High School,ALTON,91.42857142857143,62.857142857142854,f,reject,f
609682,RICHARDS HS,IL,,143228,Harold L Richards High School,OAK LAWN,100,81.63265306122449,f,review,t
609691,NORTH-GRAND HS,IL,,141084,North Grand High School,CHICAGO,100,100,f,auto_accept,f
609692,SIMEON HS,IL,,141055,Senn High School,CHICAGO,88.23529411764706,88.23529411764706,f,review,t
609693,WESTINGHOUSE HS,IL,,140945,Leo High School,CHICAGO,84.61538461538461,56.41025641025641,f,reject,f
609694,HANCOCK HS,IL,,140899,John Hancock High School,CHICAGO,100,88.37209302325581,f,auto_accept,f
609695,AMUNDSEN HS,IL,,140655,Amundsen High School,CHICAGO,100,100,f,auto_accept,f
609698,BOGAN HS,IL,,141387,Bogan High School,CHICAGO,100,100,f,auto_accept,f
609704,FARRAGUT HS,IL,,140945,Leo High School,CHICAGO,84.61538461538461,62.857142857142854,f,reject,f
609705,FENGER HS,IL,,140745,Christian Fenger Academy High School,CHICAGO,100,66.66666666666667,f,review,t
609708,FOREMAN HS,IL,,141925,Flora High School,FLORA,88.88888888888889,88.88888888888889,f,review,t
609709,GAGE PARK HS,IL,,140835,Gage Park High School,CHICAGO,100,100,f,auto_accept,f
609710,HARLAN HS,IL,,140898,Harlan Community Academy HS,CHICAGO,100,66.66666666666667,f,review,t
609712,HIRSCH HS,IL,,140800,Emil G Hirsch Metro HS Of Cmty,CHICAGO,100,63.1578947368421,f,reject,f
609713,HYDE PARK HS,IL,,141425,Cissna Park High School,CISSNA PARK,86.48648648648648,72.72727272727273,f,review,t
609715,KELLY HS,IL,,143985,Hall High School,SPRING VALLEY,84.84848484848484,66.66666666666667,f,review,t
609716,KELVYN PARK HS,IL,,140920,Kelvyn Park High School,CHICAGO,100,100,f,auto_accept,f
609718,KENNEDY HS,IL,,140897,John F Kennedy High School,CHICAGO,100,84.44444444444444,f,review,t
609719,LAKE VIEW HS,IL,,140925,Lake View Evening High School,CHICAGO,100,84,f,review,t
609720,LANE TECH HS,IL,,140640,Lane Technical High School,CHICAGO,89.36170212765957,89.36170212765957,f,review,t
609722,MANLEY HS,IL,,141014,Manley Career Academy HS,CHICAGO,100,70.58823529411764,f,review,t
609723,MARSHALL HS,IL,,141020,John Marshall Metro HS,CHICAGO,100,78.43137254901961,f,review,t
609724,MATHER HS,IL,,141307,Stephen T Mather High School,CHICAGO,100,78.26086956521739,f,review,t
609725,MORGAN PARK HS,IL,,141035,Morgan Park High School,CHICAGO,100,100,f,auto_accept,f
609726,BROOKS HS,IL,,141390,Bloom High School,CHICAGO HTS,85.71428571428571,85.71428571428572,f,review,t
609727,PHILLIPS HS,IL,,141375,Phillips Academy High School,CHICAGO,100,83.33333333333334,f,review,t
609728,ROOSEVELT HS,IL,,143717,Roosevelt Cmty Educ Ctr Alt HS,ROCKFORD,100,70,f,review,t
609729,SCHURZ HS,IL,,140700,Schurz High School,CHICAGO,100,100,f,auto_accept,f
609730,SENN HS,IL,,141055,Senn High School,CHICAGO,100,100,f,auto_accept,f
609732,STEINMETZ HS,IL,,141305,Charles P. Steinmetz Prep HS,CHICAGO,100,73.6842105263158,f,review,t
609733,SULLIVAN HS,IL,,141310,Roger Sullivan High School,CHICAGO,100,86.95652173913044,f,auto_accept,f
609734,TAFT HS,IL,,141385,William H Taft High School,CHICAGO,100,76.19047619047619,f,review,t
609735,TILDEN HS,IL,,142628,Lisle High School,LISLE,85.71428571428571,62.857142857142854,f,reject,f
609737,VON STEUBEN HS,IL,,140945,Leo High School,CHICAGO,84.61538461538461,57.89473684210527,f,reject,f
609738,LINCOLN PARK HS,IL,,141100,Lincoln Park High School,CHICAGO,100,100,f,auto_accept,f
609739,WASHINGTON HS,IL,,140842,George Washington High School,CHICAGO,100,86.27450980392157,f,auto_accept,f
609740,WELLS HS,IL,,141312,Telshe High School,CHICAGO,85.71428571428571,85.71428571428572,f,review,t
609741,HUBBARD HS,IL,,140877,Hubbard High School,CHICAGO,100,100,f,auto_accept,f
609746,KENWOOD HS,IL,,141810,Elmwood High School,ELMWOOD,89.47368421052632,63.1578947368421,f,reject,f
609749,NORTHSIDE PREP HS,IL,,141342,Northside College Prep HS,CHICAGO,100,86.66666666666667,f,auto_accept,f
609751,KING HS,IL,,141772,Larkin High School,ELGIN,88.23529411764706,88.23529411764706,f,review,t
609753,CHICAGO AGRICULTURE HS,IL,,140960,Gce Chicago High School,CHICAGO,90.47619047619048,70.37037037037037,f,review,t
609754,CHICAGO MILITARY HS,IL,,140960,Gce Chicago High School,CHICAGO,90.47619047619048,74.50980392156863,f,review,t
609755,YOUNG HS,IL,,141383,Whitney M Young Magnet HS,CHICAGO,100,66.66666666666667,f,review,t
609756,CURIE HS,IL,,141016,Curie Metropolitan HS,CHICAGO,100,72.34042553191489,f,review,t
609759,CLEMENTE HS,IL,,140280,Bement High School,BEMENT,89.47368421052632,89.47368421052632,f,review,t
609760,CARVER MILITARY HS,IL,,140945,Leo High School,CHICAGO,84.61538461538461,61.904761904761905,f,reject,f
609761,CORLISS HS,IL,,140763,Corliss High School,CHICAGO,100,100,f,auto_accept,f
609762,JULIAN HS,IL,,141073,Percy L Julian High School,CHICAGO,100,81.81818181818181,f,review,t
609764,JUAREZ HS,IL,,140945,Leo High School,CHICAGO,84.61538461538461,78.78787878787878,f,review,t
609780,MARINE LEADERSHIP AT AMES HS,IL,,140945,Leo High School,CHICAGO,84.61538461538461,53.84615384615385,f,reject,f
610244,CLARK HS,IL,,141772,Larkin High School,ELGIN,91.42857142857143,68.57142857142857,f,review,t
610245,DOUGLASS HS,IL,,141620,Dongola High School,DONGOLA,87.17948717948718,87.17948717948718,f,review,t
610304,PHOENIX MILITARY HS,IL,,140945,Leo High School,CHICAGO,84.61538461538461,65.11627906976744,f,review,t
610323,BOWEN HS,IL,,140882,Bowen High School,CHICAGO,100,100,f,auto_accept,f
610334,RABY HS,IL,,140662,Al Raby HS For Community & Env,CHICAGO,100,56.14035087719298,f,reject,f
610340,CHICAGO ACADEMY HS,IL,,140418,Academy High School,CHAMPAIGN,100,82.6086956521739,f,review,t
610357,SPRY HS,IL,,143945,Sparta High School,SPARTA,88.23529411764706,88.23529411764706,f,review,t
610380,WILLIAMS HS,IL,,144400,Williamsville High School,WILLIAMSVILLE,88.88888888888889,88.88888888888889,f,review,t
610381,BRONZEVILLE HS,IL,,143745,Roseville HS,ROSEVILLE,90.9090909090909,68.18181818181819,f,review,t
610383,SOCIAL JUSTICE HS,IL,,141349,Greater Lawndale HS Social Justice,CHICAGO,100,75.36231884057972,f,review,t
610384,INFINITY HS,IL,,141141,Infinity,CHICAGO,100,57.14285714285714,f,reject,f
610385,MULTICULTURAL ARTS HS,IL,,141409,Multicultural Arts High School,CHICAGO,100,100,f,auto_accept,f
610389,ORR HS,IL,,140696,Orr Academy High School,CHICAGO,100,78.94736842105263,f,review,t
610390,RICKOVER MILITARY HS,IL,,140945,Leo High School,CHICAGO,84.61538461538461,63.63636363636363,f,reject,f
610391,LINDBLOM HS,IL,,140950,Lindblom Technical HS,CHICAGO,100,80,f,review,t
610392,WORLD LANGUAGE HS,IL,,141142,World Language College Prep HS,CHICAGO,100,80,f,review,t
610394,UPLIFT HS,IL,,144130,Unity High School,TOLONO,85.71428571428571,85.71428571428572,f,review,t
610402,DEVRY HS,IL,,142600,Le Roy High School,LE ROY,85.71428571428571,62.857142857142854,f,reject,f
610499,COLLINS STEAM HS,IL,,140841,Collins HS,CHICAGO,100,86.36363636363636,f,auto_accept,f
610513,AIR FORCE HS,IL,,140945,Leo High School,CHICAGO,84.61538461538461,61.111111111111114,f,reject,f
610518,AUSTIN CCA HS,IL,,140675,Austin Community Academy HS,CHICAGO,90,68.96551724137932,f,review,t
610524,ALCOTT HS,IL,,140040,Alton High School,ALTON,85.71428571428571,85.71428571428572,f,review,t
610529,OGDEN HS,IL,,143815,St. Joseph-Ogden High School,SAINT JOSEPH,100,77.27272727272727,f,review,t
610543,SOLORIO HS,IL,,143320,Orion High School,ORION,88.88888888888889,61.111111111111114,f,reject,f
610547,SOUTH SHORE INTL HS,IL,,141295,South Shore HS,CHICAGO,100,90.19607843137256,f,auto_accept,f
610558,GOODE HS,IL,,144455,Alwood High School,WOODHULL,85.71428571428571,85.71428571428572,f,review,t
610561,CRANE MEDICAL HS,IL,,140945,Leo High School,CHICAGO,84.61538461538461,65,f,review,t
610563,BACK OF THE YARDS HS,IL,,140945,Leo High School,CHICAGO,84.61538461538461,59.09090909090908,f,reject,f
610564,DISNEY II HS,IL,,141392,Disney II Magnet School,CHICAGO,86.48648648648648,72.72727272727273,f,review,t
610587,DYETT ARTS HS,IL,,143666,Walter H Dyett HS For The Arts,CHICAGO,100,72.1311475409836,f,review,t
610592,ENGLEWOOD STEM HS,IL,,140364,Englewood Stem High School,CHICAGO,100,100,f,auto_accept,f
